,confirmed,country,deaths,datetime,province,recovered,date
0,1,Mainland China,0,2020-01-22 17:00:00,Anhui,0,2020-01-22
21,0,Mainland China,0,2020-01-22 17:00:00,Qinghai,0,2020-01-22
22,0,Mainland China,0,2020-01-22 17:00:00,Shaanxi,0,2020-01-22
23,2,Mainland China,0,2020-01-22 17:00:00,Shandong,0,2020-01-22
24,9,Mainland China,0,2020-01-22 17:00:00,Shanghai,0,2020-01-22
25,1,Mainland China,0,2020-01-22 17:00:00,Shanxi,0,2020-01-22
26,5,Mainland China,0,2020-01-22 17:00:00,Sichuan,0,2020-01-22
27,1,Mainland China,0,2020-01-22 17:00:00,Hebei,0,2020-01-22
20,1,Mainland China,0,2020-01-22 17:00:00,Ningxia,0,2020-01-22
28,1,Macau,0,2020-01-22 17:00:00,Macau,0,2020-01-22
31,1,Mainland China,0,2020-01-22 17:00:00,Yunnan,0,2020-01-22
32,10,Mainland China,0,2020-01-22 17:00:00,Zhejiang,0,2020-01-22
33,2,Japan,0,2020-01-22 17:00:00,Japan,0,2020-01-22
34,2,Thailand,0,2020-01-22 17:00:00,Thailand,0,2020-01-22
35,1,South Korea,0,2020-01-22 17:00:00,South Korea,0,2020-01-22
36,1,Taiwan,0,2020-01-22 17:00:00,Taiwan,0,2020-01-22
37,1,Mainland China,0,2020-01-22 17:00:00,Jiangsu,0,2020-01-22
30,0,Mainland China,0,2020-01-22 17:00:00,Xinjiang,0,2020-01-22
19,4,Mainland China,0,2020-01-22 17:00:00,Tianjin,0,2020-01-22
29,1,US,0,2020-01-22 17:00:00,Washington,0,2020-01-22
17,0,Mainland China,0,2020-01-22 17:00:00,Tibet,0,2020-01-22
18,2,Mainland China,0,2020-01-22 17:00:00,Liaoning,0,2020-01-22
1,0,Mainland China,0,2020-01-22 17:00:00,Jilin,0,2020-01-22
2,14,Mainland China,0,2020-01-22 17:00:00,Beijing,0,2020-01-22
3,6,Mainland China,0,2020-01-22 17:00:00,Chongqing,0,2020-01-22
4,1,Mainland China,0,2020-01-22 17:00:00,Fujian,0,2020-01-22
6,2,Mainland China,0,2020-01-22 17:00:00,Guangxi,0,2020-01-22
7,1,Mainland China,0,2020-01-22 17:00:00,Guizhou,0,2020-01-22
8,4,Mainland China,0,2020-01-22 17:00:00,Hainan,0,2020-01-22
5,0,Mainland China,0,2020-01-22 17:00:00,Gansu,0,2020-01-22
9,26,Mainland China,0,2020-01-22 17:00:00,Guangdong,0,2020-01-22
10,0,Mainland China,0,2020-01-22 17:00:00,Heilongjiang,0,2020-01-22
11,5,Mainland China,0,2020-01-22 17:00:00,Henan,0,2020-01-22
12,0,Hong Kong,0,2020-01-22 17:00:00,Hong Kong,0,2020-01-22
13,444,Mainland China,17,2020-01-22 17:00:00,Hubei,28,2020-01-22
14,4,Mainland China,0,2020-01-22 17:00:00,Hunan,0,2020-01-22
15,0,Mainland China,0,2020-01-22 17:00:00,Inner Mongolia,0,2020-01-22
16,2,Mainland China,0,2020-01-22 17:00:00,Jiangxi,0,2020-01-22
70,27,Mainland China,0,2020-01-23 17:00:00,Zhejiang,0,2020-01-23
69,4,Mainland China,0,2020-01-23 17:00:00,Tianjin,0,2020-01-23
68,2,Mainland China,0,2020-01-23 17:00:00,Yunnan,0,2020-01-23
67,8,Mainland China,0,2020-01-23 17:00:00,Sichuan,0,2020-01-23
64,0,Mainland China,0,2020-01-23 17:00:00,Tibet,0,2020-01-23
65,1,Mainland China,0,2020-01-23 17:00:00,Shanxi,0,2020-01-23
63,1,US,0,2020-01-23 17:00:00,Washington,0,2020-01-23
71,2,Hong Kong,0,2020-01-23 17:00:00,Hong Kong,0,2020-01-23
66,1,Taiwan,0,2020-01-23 17:00:00,Taiwan,0,2020-01-23
72,0,Mexico,0,2020-01-23 17:00:00,Mexico,0,2020-01-23
82,3,Thailand,0,2020-01-23 17:00:00,Thailand,0,2020-01-23
75,0,Philippines,0,2020-01-23 17:00:00,Philippines,0,2020-01-23
76,0,Malaysia,0,2020-01-23 17:00:00,Malaysia,0,2020-01-23
77,2,Vietnam,0,2020-01-23 17:00:00,Vietnam,0,2020-01-23
78,0,Australia,0,2020-01-23 17:00:00,Australia,0,2020-01-23
79,0,Brazil,0,2020-01-23 17:00:00,Brazil,0,2020-01-23
80,0,Colombia,0,2020-01-23 17:00:00,Colombia,0,2020-01-23
81,6,Mainland China,0,2020-01-23 17:00:00,Shandong,0,2020-01-23
83,5,Mainland China,0,2020-01-23 17:00:00,Jiangsu,0,2020-01-23
62,2,Mainland China,0,2020-01-23 17:00:00,Xinjiang,0,2020-01-23
74,1,Singapore ,0,2020-01-23 17:00:00,Singapore ,0,2020-01-23
61,1,Japan,0,2020-01-23 17:00:00,Japan,0,2020-01-23
73,1,South Korea,0,2020-01-23 17:00:00,South Korea,0,2020-01-23
59,444,Mainland China,17,2020-01-23 17:00:00,Hubei,28,2020-01-23
38,16,Mainland China,0,2020-01-23 17:00:00,Shanghai,0,2020-01-23
40,0,Mainland China,0,2020-01-23 17:00:00,Qinghai,0,2020-01-23
41,9,Mainland China,0,2020-01-23 17:00:00,Chongqing,0,2020-01-23
42,5,Mainland China,0,2020-01-23 17:00:00,Fujian,0,2020-01-23
43,2,Mainland China,0,2020-01-23 17:00:00,Gansu,0,2020-01-23
44,32,Mainland China,0,2020-01-23 17:00:00,Guangdong,2,2020-01-23
45,5,Mainland China,0,2020-01-23 17:00:00,Guangxi,0,2020-01-23
46,3,Mainland China,0,2020-01-23 17:00:00,Guizhou,0,2020-01-23
47,5,Mainland China,0,2020-01-23 17:00:00,Hainan,0,2020-01-23
48,1,Mainland China,1,2020-01-23 17:00:00,Hebei,0,2020-01-23
39,9,Mainland China,0,2020-01-23 17:00:00,Anhui,0,2020-01-23
60,3,Mainland China,0,2020-01-23 17:00:00,Shaanxi,0,2020-01-23
50,5,Mainland China,0,2020-01-23 17:00:00,Henan,0,2020-01-23
51,2,Mainland China,0,2020-01-23 17:00:00,Heilongjiang,0,2020-01-23
52,3,Mainland China,0,2020-01-23 17:00:00,Liaoning,0,2020-01-23
53,1,Mainland China,0,2020-01-23 17:00:00,Jilin,0,2020-01-23
54,7,Mainland China,0,2020-01-23 17:00:00,Jiangxi,0,2020-01-23
55,2,Macau,0,2020-01-23 17:00:00,Macau,0,2020-01-23
56,0,Mainland China,0,2020-01-23 17:00:00,Inner Mongolia,0,2020-01-23
57,9,Mainland China,0,2020-01-23 17:00:00,Hunan,0,2020-01-23
58,1,Mainland China,0,2020-01-23 17:00:00,Ningxia,0,2020-01-23
49,22,Mainland China,0,2020-01-23 17:00:00,Beijing,0,2020-01-23
112,2,Mainland China,0,2020-01-24 17:00:00,Xinjiang,0,2020-01-24
111,2,Mainland China,0,2020-01-24 17:00:00,Gansu,0,2020-01-24
110,2,Mainland China,1,2020-01-24 17:00:00,Hebei,0,2020-01-24
106,1,Mainland China,0,2020-01-24 17:00:00,Shanxi,0,2020-01-24
108,2,Hong Kong,0,2020-01-24 17:00:00,Hong Kong,0,2020-01-24
107,2,Mainland China,0,2020-01-24 17:00:00,Ningxia,0,2020-01-24
113,1,Mainland China,0,2020-01-24 17:00:00,Inner Mongolia,0,2020-01-24
109,2,Macau,0,2020-01-24 17:00:00,Macau,0,2020-01-24
114,5,Thailand,0,2020-01-24 17:00:00,Thailand,0,2020-01-24
124,9,Mainland China,0,2020-01-24 17:00:00,Jiangsu,0,2020-01-24
116,1,US,0,2020-01-24 17:00:00,Chicago,0,2020-01-24
117,2,Japan,0,2020-01-24 17:00:00,Japan,0,2020-01-24
118,2,South Korea,0,2020-01-24 17:00:00,South Korea,0,2020-01-24
120,2,Vietnam,0,2020-01-24 17:00:00,Vietnam,0,2020-01-24
121,2,France,0,2020-01-24 17:00:00,France,0,2020-01-24
122,3,Mainland China,0,2020-01-24 17:00:00,Jilin,0,2020-01-24
123,3,Mainland China,0,2020-01-24 17:00:00,Guizhou,0,2020-01-24
105,0,Mainland China,0,2020-01-24 17:00:00,Qinghai,0,2020-01-24
115,1,US,0,2020-01-24 17:00:00,Washington,0,2020-01-24
119,3,Singapore ,0,2020-01-24 17:00:00,Singapore ,0,2020-01-24
103,10,Mainland China,0,2020-01-24 17:00:00,Fujian,0,2020-01-24
102,4,Mainland China,1,2020-01-24 17:00:00,Heilongjiang,0,2020-01-24
104,15,Mainland China,0,2020-01-24 17:00:00,Anhui,0,2020-01-24
84,3,Taiwan,0,2020-01-24 17:00:00,Taiwan,0,2020-01-24
85,4,Mainland China,0,2020-01-24 17:00:00,Liaoning,0,2020-01-24
86,549,Mainland China,24,2020-01-24 17:00:00,Hubei,31,2020-01-24
87,53,Mainland China,0,2020-01-24 17:00:00,Guangdong,2,2020-01-24
89,36,Mainland China,0,2020-01-24 17:00:00,Beijing,1,2020-01-24
90,27,Mainland China,0,2020-01-24 17:00:00,Chongqing,0,2020-01-24
91,23,Mainland China,0,2020-01-24 17:00:00,Guangxi,0,2020-01-24
92,20,Mainland China,0,2020-01-24 17:00:00,Shanghai,1,2020-01-24
88,43,Mainland China,0,2020-01-24 17:00:00,Zhejiang,1,2020-01-24
94,24,Mainland China,0,2020-01-24 17:00:00,Hunan,0,2020-01-24
93,18,Mainland China,0,2020-01-24 17:00:00,Jiangxi,0,2020-01-24
100,5,Mainland China,0,2020-01-24 17:00:00,Yunnan,0,2020-01-24
99,8,Mainland China,0,2020-01-24 17:00:00,Hainan,0,2020-01-24
98,8,Mainland China,0,2020-01-24 17:00:00,Tianjin,0,2020-01-24
101,9,Mainland China,0,2020-01-24 17:00:00,Henan,0,2020-01-24
96,5,Mainland China,0,2020-01-24 17:00:00,Shaanxi,0,2020-01-24
95,15,Mainland China,0,2020-01-24 17:00:00,Shandong,0,2020-01-24
97,15,Mainland China,0,2020-01-24 17:00:00,Sichuan,0,2020-01-24
157,1,US,0,2020-01-25 17:00:00,Illinois,0,2020-01-25
149,4,Mainland China,0,2020-01-25 17:00:00,Guizhou,0,2020-01-25
150,4,Mainland China,0,2020-01-25 17:00:00,Jilin,0,2020-01-25
151,4,Mainland China,0,2020-01-25 17:00:00,Gansu,0,2020-01-25
152,3,Mainland China,0,2020-01-25 17:00:00,Ningxia,0,2020-01-25
153,3,Taiwan,0,2020-01-25 17:00:00,Taiwan,0,2020-01-25
154,3,Mainland China,0,2020-01-25 17:00:00,Xinjiang,0,2020-01-25
155,1,Mainland China,0,2020-01-25 17:00:00,Qinghai,0,2020-01-25
156,1,Nepal,0,2020-01-25 17:00:00,Nepal,0,2020-01-25
158,2,Japan,0,2020-01-25 17:00:00,Japan,0,2020-01-25
168,10,Mainland China,0,2020-01-25 17:00:00,Tianjin,0,2020-01-25
160,2,South Korea,0,2020-01-25 17:00:00,South Korea,0,2020-01-25
161,3,Singapore ,0,2020-01-25 17:00:00,Singapore ,0,2020-01-25
162,2,Vietnam,0,2020-01-25 17:00:00,Vietnam,0,2020-01-25
163,3,France,0,2020-01-25 17:00:00,France,0,2020-01-25
164,4,Australia,0,2020-01-25 17:00:00,Australia,0,2020-01-25
165,3,Malaysia ,0,2020-01-25 17:00:00,Malaysia ,0,2020-01-25
166,1,US,0,2020-01-25 17:00:00,Washington,0,2020-01-25
167,27,Mainland China,0,2020-01-25 17:00:00,Shandong,0,2020-01-25
148,5,Hong Kong,0,2020-01-25 17:00:00,Hong Kong,0,2020-01-25
159,7,Thailand,0,2020-01-25 17:00:00,Thailand,0,2020-01-25
147,7,Mainland China,0,2020-01-25 17:00:00,Inner Mongolia,0,2020-01-25
146,6,Mainland China,0,2020-01-25 17:00:00,Shanxi,0,2020-01-25
145,9,Mainland China,1,2020-01-25 17:00:00,Heilongjiang,0,2020-01-25
125,2,Macau,0,2020-01-25 17:00:00,Macau,0,2020-01-25
126,761,Mainland China,40,2020-01-25 17:00:00,Hubei,32,2020-01-25
127,78,Mainland China,0,2020-01-25 17:00:00,Guangdong,2,2020-01-25
128,62,Mainland China,0,2020-01-25 17:00:00,Zhejiang,1,2020-01-25
129,57,Mainland China,0,2020-01-25 17:00:00,Chongqing,0,2020-01-25
131,39,Mainland China,0,2020-01-25 17:00:00,Anhui,0,2020-01-25
132,33,Mainland China,0,2020-01-25 17:00:00,Shanghai,1,2020-01-25
133,32,Mainland China,0,2020-01-25 17:00:00,Henan,0,2020-01-25
134,8,Mainland China,1,2020-01-25 17:00:00,Hebei,0,2020-01-25
130,43,Mainland China,0,2020-01-25 17:00:00,Hunan,0,2020-01-25
136,23,Mainland China,0,2020-01-25 17:00:00,Guangxi,0,2020-01-25
135,28,Mainland China,0,2020-01-25 17:00:00,Sichuan,0,2020-01-25
143,11,Mainland China,0,2020-01-25 17:00:00,Yunnan,0,2020-01-25
142,15,Mainland China,0,2020-01-25 17:00:00,Shaanxi,0,2020-01-25
141,17,Mainland China,0,2020-01-25 17:00:00,Liaoning,0,2020-01-25
144,41,Mainland China,0,2020-01-25 17:00:00,Beijing,2,2020-01-25
139,18,Mainland China,0,2020-01-25 17:00:00,Fujian,0,2020-01-25
138,18,Mainland China,0,2020-01-25 17:00:00,Jiangxi,0,2020-01-25
137,19,Mainland China,0,2020-01-25 17:00:00,Hainan,0,2020-01-25
140,18,Mainland China,0,2020-01-25 17:00:00,Jiangsu,1,2020-01-25
203,7,Mainland China,0,2020-01-26 16:00:00,Inner Mongolia,0,2020-01-26
195,4,Mainland China,0,2020-01-26 16:00:00,Xinjiang,0,2020-01-26
196,4,Taiwan,0,2020-01-26 16:00:00,Taiwan,0,2020-01-26
197,5,Mainland China,0,2020-01-26 16:00:00,Guizhou,0,2020-01-26
198,4,Mainland China,0,2020-01-26 16:00:00,Ningxia,0,2020-01-26
199,5,Macau,0,2020-01-26 16:00:00,Macau,0,2020-01-26
200,1,US,0,2020-01-26 16:00:00,Illinois,0,2020-01-26
201,4,Mainland China,0,2020-01-26 16:00:00,Jilin,0,2020-01-26
202,2,US,0,2020-01-26 16:00:00,California,0,2020-01-26
204,1,Canada,0,2020-01-26 16:00:00,Ontario,0,2020-01-26
215,22,Mainland China,0,2020-01-26 16:00:00,Shaanxi,0,2020-01-26
206,3,South Korea,0,2020-01-26 16:00:00,South Korea,0,2020-01-26
207,4,Singapore ,0,2020-01-26 16:00:00,Singapore ,0,2020-01-26
208,2,Vietnam,0,2020-01-26 16:00:00,Vietnam,0,2020-01-26
209,3,France,0,2020-01-26 16:00:00,France,0,2020-01-26
210,4,Australia,0,2020-01-26 16:00:00,Australia,0,2020-01-26
211,1,Nepal,0,2020-01-26 16:00:00,Nepal,0,2020-01-26
212,4,Malaysia ,0,2020-01-26 16:00:00,Malaysia ,0,2020-01-26
213,7,Mainland China,0,2020-01-26 16:00:00,Gansu,0,2020-01-26
214,4,Japan,0,2020-01-26 16:00:00,Japan,1,2020-01-26
193,1,US,0,2020-01-26 16:00:00,Arizona,0,2020-01-26
205,8,Thailand,0,2020-01-26 16:00:00,Thailand,2,2020-01-26
192,83,Mainland China,1,2020-01-26 16:00:00,Henan,0,2020-01-26
194,1,Mainland China,0,2020-01-26 16:00:00,Qinghai,0,2020-01-26
190,68,Mainland China,0,2020-01-26 16:00:00,Beijing,2,2020-01-26
191,35,Mainland China,0,2020-01-26 16:00:00,Fujian,0,2020-01-26
169,1,US,0,2020-01-26 16:00:00,Washington,0,2020-01-26
170,1058,Mainland China,52,2020-01-26 16:00:00,Hubei,42,2020-01-26
171,111,Mainland China,0,2020-01-26 16:00:00,Guangdong,2,2020-01-26
172,104,Mainland China,0,2020-01-26 16:00:00,Zhejiang,1,2020-01-26
173,8,Hong Kong,0,2020-01-26 16:00:00,Hong Kong,0,2020-01-26
174,75,Mainland China,0,2020-01-26 16:00:00,Chongqing,0,2020-01-26
176,60,Mainland China,0,2020-01-26 16:00:00,Anhui,0,2020-01-26
177,46,Mainland China,0,2020-01-26 16:00:00,Shandong,0,2020-01-26
178,44,Mainland China,0,2020-01-26 16:00:00,Sichuan,0,2020-01-26
179,9,Mainland China,0,2020-01-26 16:00:00,Shanxi,0,2020-01-26
175,69,Mainland China,0,2020-01-26 16:00:00,Hunan,0,2020-01-26
181,36,Mainland China,0,2020-01-26 16:00:00,Jiangxi,0,2020-01-26
182,36,Mainland China,0,2020-01-26 16:00:00,Guangxi,0,2020-01-26
183,14,Mainland China,0,2020-01-26 16:00:00,Tianjin,0,2020-01-26
184,15,Mainland China,1,2020-01-26 16:00:00,Heilongjiang,0,2020-01-26
185,16,Mainland China,0,2020-01-26 16:00:00,Yunnan,0,2020-01-26
186,21,Mainland China,0,2020-01-26 16:00:00,Liaoning,0,2020-01-26
187,13,Mainland China,1,2020-01-26 16:00:00,Hebei,0,2020-01-26
188,22,Mainland China,0,2020-01-26 16:00:00,Hainan,0,2020-01-26
189,33,Mainland China,0,2020-01-26 16:00:00,Jiangsu,1,2020-01-26
180,40,Mainland China,1,2020-01-26 16:00:00,Shanghai,1,2020-01-26
252,8,Thailand,0,2020-01-27 23:59:00,Thailand,2,2020-01-27
251,1,US,0,2020-01-27 23:59:00,Arizona,0,2020-01-27
250,2,US,0,2020-01-27 23:59:00,California,0,2020-01-27
249,1,US,0,2020-01-27 23:59:00,Illinois,0,2020-01-27
244,6,Macau,0,2020-01-27 23:59:00,Macau,0,2020-01-27
247,5,Mainland China,0,2020-01-27 23:59:00,Xinjiang,0,2020-01-27
246,5,Taiwan,0,2020-01-27 23:59:00,Taiwan,0,2020-01-27
245,6,Mainland China,0,2020-01-27 23:59:00,Qinghai,0,2020-01-27
253,8,Hong Kong,0,2020-01-27 23:59:00,Hong Kong,0,2020-01-27
248,1,US,0,2020-01-27 23:59:00,Washington,0,2020-01-27
254,1,Australia,0,2020-01-27 23:59:00,Victoria,0,2020-01-27
266,27,Mainland China,0,2020-01-27 23:59:00,Liaoning,0,2020-01-27
256,3,France,0,2020-01-27 23:59:00,France,0,2020-01-27
257,1,Nepal,0,2020-01-27 23:59:00,Nepal,0,2020-01-27
258,4,Malaysia ,0,2020-01-27 23:59:00,Malaysia ,0,2020-01-27
259,1,Canada,0,2020-01-27 23:59:00,Ontario,0,2020-01-27
260,1,Cambodia,0,2020-01-27 23:59:00,Cambodia,0,2020-01-27
261,1,Sri Lanka,0,2020-01-27 23:59:00,Sri Lanka,0,2020-01-27
262,1,Ivory Coast,0,2020-01-27 23:59:00,Ivory Coast,0,2020-01-27
263,4,Australia,0,2020-01-27 23:59:00,New South Wales,0,2020-01-27
264,7,Mainland China,0,2020-01-27 23:59:00,Ningxia,0,2020-01-27
265,5,Singapore ,0,2020-01-27 23:59:00,Singapore ,0,2020-01-27
243,6,Mainland China,0,2020-01-27 23:59:00,Jilin,0,2020-01-27
255,2,Vietnam,0,2020-01-27 23:59:00,Vietnam,0,2020-01-27
242,4,South Korea,0,2020-01-27 23:59:00,South Korea,0,2020-01-27
220,128,Mainland China,0,2020-01-27 23:59:00,Zhejiang,1,2020-01-27
240,46,Mainland China,0,2020-01-27 23:59:00,Guangxi,0,2020-01-27
241,7,Mainland China,0,2020-01-27 23:59:00,Guizhou,0,2020-01-27
216,4,Japan,0,2020-01-27 23:59:00,Japan,1,2020-01-27
217,11,Mainland China,0,2020-01-27 23:59:00,Inner Mongolia,0,2020-01-27
218,1423,Mainland China,76,2020-01-27 23:59:00,Hubei,45,2020-01-27
219,151,Mainland China,0,2020-01-27 23:59:00,Guangdong,4,2020-01-27
221,128,Mainland China,1,2020-01-27 23:59:00,Henan,0,2020-01-27
223,100,Mainland China,0,2020-01-27 23:59:00,Hunan,0,2020-01-27
224,75,Mainland China,0,2020-01-27 23:59:00,Shandong,0,2020-01-27
225,72,Mainland China,0,2020-01-27 23:59:00,Jiangxi,2,2020-01-27
226,70,Mainland China,0,2020-01-27 23:59:00,Anhui,0,2020-01-27
227,80,Mainland China,1,2020-01-27 23:59:00,Beijing,2,2020-01-27
222,110,Mainland China,0,2020-01-27 23:59:00,Chongqing,0,2020-01-27
229,47,Mainland China,0,2020-01-27 23:59:00,Jiangsu,1,2020-01-27
239,69,Mainland China,0,2020-01-27 23:59:00,Sichuan,0,2020-01-27
228,59,Mainland China,0,2020-01-27 23:59:00,Fujian,0,2020-01-27
237,33,Mainland China,1,2020-01-27 23:59:00,Hainan,0,2020-01-27
236,23,Mainland China,0,2020-01-27 23:59:00,Tianjin,0,2020-01-27
235,26,Mainland China,0,2020-01-27 23:59:00,Yunnan,0,2020-01-27
238,35,Mainland China,0,2020-01-27 23:59:00,Shaanxi,0,2020-01-27
233,21,Mainland China,1,2020-01-27 23:59:00,Heilongjiang,0,2020-01-27
232,18,Mainland China,1,2020-01-27 23:59:00,Hebei,0,2020-01-27
231,14,Mainland China,0,2020-01-27 23:59:00,Gansu,0,2020-01-27
230,13,Mainland China,0,2020-01-27 23:59:00,Shanxi,0,2020-01-27
234,53,Mainland China,1,2020-01-27 23:59:00,Shanghai,3,2020-01-27
295,2,US,0,2020-01-28 23:00:00,California,0,2020-01-28
304,14,Thailand,0,2020-01-28 23:00:00,Thailand,5,2020-01-28
303,7,Macau,0,2020-01-28 23:00:00,Macau,0,2020-01-28
302,7,Japan,0,2020-01-28 23:00:00,Japan,1,2020-01-28
301,8,Mainland China,0,2020-01-28 23:00:00,Jilin,0,2020-01-28
298,9,Mainland China,0,2020-01-28 23:00:00,Guizhou,0,2020-01-28
299,8,Hong Kong,0,2020-01-28 23:00:00,Hong Kong,0,2020-01-28
297,6,Mainland China,0,2020-01-28 23:00:00,Qinghai,0,2020-01-28
296,1,US,0,2020-01-28 23:00:00,Illinois,0,2020-01-28
305,1,Australia,0,2020-01-28 23:00:00,Victoria,0,2020-01-28
300,8,Taiwan,0,2020-01-28 23:00:00,Taiwan,0,2020-01-28
306,7,Singapore ,0,2020-01-28 23:00:00,Singapore ,0,2020-01-28
318,34,Mainland China,0,2020-01-28 23:00:00,Liaoning,0,2020-01-28
308,4,France,0,2020-01-28 23:00:00,France,0,2020-01-28
309,1,Nepal,0,2020-01-28 23:00:00,Nepal,0,2020-01-28
310,4,Malaysia ,0,2020-01-28 23:00:00,Malaysia ,0,2020-01-28
311,1,Canada,0,2020-01-28 23:00:00,Ontario,0,2020-01-28
312,1,Canada,0,2020-01-28 23:00:00,British Columbia,0,2020-01-28
313,1,Cambodia,0,2020-01-28 23:00:00,Cambodia,0,2020-01-28
314,1,Sri Lanka,0,2020-01-28 23:00:00,Sri Lanka,0,2020-01-28
315,4,Australia,0,2020-01-28 23:00:00,New South Wales,0,2020-01-28
316,4,Germany,0,2020-01-28 23:00:00,Bavaria,0,2020-01-28
317,51,Mainland China,0,2020-01-28 23:00:00,Guangxi,2,2020-01-28
294,1,US,0,2020-01-28 23:00:00,Washington,0,2020-01-28
307,2,Vietnam,0,2020-01-28 23:00:00,Vietnam,0,2020-01-28
293,4,South Korea,0,2020-01-28 23:00:00,South Korea,0,2020-01-28
292,10,Mainland China,0,2020-01-28 23:00:00,Xinjiang,0,2020-01-28
291,207,Mainland China,0,2020-01-28 23:00:00,Guangdong,4,2020-01-28
267,1,US,0,2020-01-28 23:00:00,Arizona,0,2020-01-28
268,11,Mainland China,0,2020-01-28 23:00:00,Ningxia,0,2020-01-28
269,3554,Mainland China,125,2020-01-28 23:00:00,Hubei,80,2020-01-28
270,173,Mainland China,0,2020-01-28 23:00:00,Zhejiang,3,2020-01-28
271,168,Mainland China,1,2020-01-28 23:00:00,Henan,0,2020-01-28
272,143,Mainland China,0,2020-01-28 23:00:00,Hunan,0,2020-01-28
274,106,Mainland China,0,2020-01-28 23:00:00,Anhui,0,2020-01-28
275,95,Mainland China,0,2020-01-28 23:00:00,Shandong,0,2020-01-28
276,91,Mainland China,1,2020-01-28 23:00:00,Beijing,4,2020-01-28
277,90,Mainland China,0,2020-01-28 23:00:00,Sichuan,0,2020-01-28
278,15,Mainland China,0,2020-01-28 23:00:00,Inner Mongolia,0,2020-01-28
273,132,Mainland China,0,2020-01-28 23:00:00,Chongqing,0,2020-01-28
280,66,Mainland China,1,2020-01-28 23:00:00,Shanghai,4,2020-01-28
279,80,Mainland China,0,2020-01-28 23:00:00,Fujian,0,2020-01-28
289,46,Mainland China,0,2020-01-28 23:00:00,Shaanxi,0,2020-01-28
288,44,Mainland China,0,2020-01-28 23:00:00,Yunnan,0,2020-01-28
287,40,Mainland China,1,2020-01-28 23:00:00,Hainan,0,2020-01-28
286,33,Mainland China,1,2020-01-28 23:00:00,Heilongjiang,0,2020-01-28
290,109,Mainland China,0,2020-01-28 23:00:00,Jiangxi,3,2020-01-28
284,27,Mainland China,0,2020-01-28 23:00:00,Shanxi,0,2020-01-28
283,24,Mainland China,0,2020-01-28 23:00:00,Tianjin,0,2020-01-28
282,70,Mainland China,0,2020-01-28 23:00:00,Jiangsu,1,2020-01-28
281,19,Mainland China,0,2020-01-28 23:00:00,Gansu,0,2020-01-28
285,33,Mainland China,1,2020-01-28 23:00:00,Hebei,0,2020-01-28
359,4,United Arab Emirates,0,2020-01-29 19:30:00,United Arab Emirates,0,2020-01-29
358,56,Mainland China,0,2020-01-29 19:30:00,Shaanxi,0,2020-01-29
357,2,Vietnam,0,2020-01-29 19:30:00,Vietnam,0,2020-01-29
356,1,US,0,2020-01-29 19:30:00,Washington,0,2020-01-29
355,7,Singapore ,0,2020-01-29 19:30:00,Singapore ,0,2020-01-29
352,6,Mainland China,0,2020-01-29 19:30:00,Qinghai,0,2020-01-29
353,7,Macau,0,2020-01-29 19:30:00,Macau,0,2020-01-29
351,9,Mainland China,0,2020-01-29 19:30:00,Jilin,0,2020-01-29
350,1,US,0,2020-01-29 19:30:00,Illinois,0,2020-01-29
349,7,Japan,0,2020-01-29 19:30:00,Japan,1,2020-01-29
354,8,Taiwan,0,2020-01-29 19:30:00,Taiwan,0,2020-01-29
360,7,Malaysia ,0,2020-01-29 19:30:00,Malaysia ,0,2020-01-29
372,43,Mainland China,1,2020-01-29 19:30:00,Hainan,0,2020-01-29
362,1,Canada,0,2020-01-29 19:30:00,British Columbia,0,2020-01-29
363,1,Cambodia,0,2020-01-29 19:30:00,Cambodia,0,2020-01-29
364,1,Sri Lanka,0,2020-01-29 19:30:00,Sri Lanka,0,2020-01-29
365,4,Australia,0,2020-01-29 19:30:00,New South Wales,0,2020-01-29
366,1,Australia,0,2020-01-29 19:30:00,Victoria,0,2020-01-29
367,4,Germany,0,2020-01-29 19:30:00,Bavaria,0,2020-01-29
368,1,Finland,0,2020-01-29 19:30:00,Finland,0,2020-01-29
369,9,Mainland China,0,2020-01-29 19:30:00,Guizhou,1,2020-01-29
370,5,France,0,2020-01-29 19:30:00,France,0,2020-01-29
371,1,Nepal,0,2020-01-29 19:30:00,Nepal,0,2020-01-29
348,14,Thailand,0,2020-01-29 19:30:00,Thailand,5,2020-01-29
361,1,Canada,0,2020-01-29 19:30:00,Ontario,0,2020-01-29
346,10,Hong Kong,0,2020-01-29 19:30:00,Hong Kong,0,2020-01-29
347,2,US,0,2020-01-29 19:30:00,California,0,2020-01-29
344,13,Mainland China,0,2020-01-29 19:30:00,Xinjiang,0,2020-01-29
345,1,US,0,2020-01-29 19:30:00,Arizona,0,2020-01-29
319,4,South Korea,0,2020-01-29 19:30:00,South Korea,0,2020-01-29
320,296,Mainland China,0,2020-01-29 19:30:00,Zhejiang,3,2020-01-29
321,277,Mainland China,0,2020-01-29 19:30:00,Guangdong,5,2020-01-29
322,221,Mainland China,0,2020-01-29 19:30:00,Hunan,0,2020-01-29
323,206,Mainland China,2,2020-01-29 19:30:00,Henan,1,2020-01-29
324,152,Mainland China,0,2020-01-29 19:30:00,Anhui,2,2020-01-29
325,147,Mainland China,0,2020-01-29 19:30:00,Chongqing,1,2020-01-29
327,109,Mainland China,0,2020-01-29 19:30:00,Jiangxi,3,2020-01-29
328,108,Mainland China,1,2020-01-29 19:30:00,Sichuan,1,2020-01-29
329,99,Mainland China,0,2020-01-29 19:30:00,Jiangsu,1,2020-01-29
330,96,Mainland China,1,2020-01-29 19:30:00,Shanghai,5,2020-01-29
331,130,Mainland China,0,2020-01-29 19:30:00,Shandong,1,2020-01-29
326,111,Mainland China,1,2020-01-29 19:30:00,Beijing,4,2020-01-29
333,84,Mainland China,0,2020-01-29 19:30:00,Fujian,0,2020-01-29
332,58,Mainland China,0,2020-01-29 19:30:00,Guangxi,2,2020-01-29
343,3554,Mainland China,125,2020-01-29 19:30:00,Hubei,88,2020-01-29
342,55,Mainland China,0,2020-01-29 19:30:00,Yunnan,0,2020-01-29
341,12,Mainland China,0,2020-01-29 19:30:00,Ningxia,0,2020-01-29
339,16,Mainland China,0,2020-01-29 19:30:00,Inner Mongolia,0,2020-01-29
340,48,Mainland China,1,2020-01-29 19:30:00,Hebei,0,2020-01-29
337,38,Mainland China,1,2020-01-29 19:30:00,Heilongjiang,0,2020-01-29
336,27,Mainland China,0,2020-01-29 19:30:00,Tianjin,0,2020-01-29
335,27,Mainland China,0,2020-01-29 19:30:00,Shanxi,1,2020-01-29
334,24,Mainland China,0,2020-01-29 19:30:00,Gansu,0,2020-01-29
338,39,Mainland China,0,2020-01-29 19:30:00,Liaoning,1,2020-01-29
411,7,Macau,0,2020-01-30 16:00:00,Macau,0,2020-01-30
414,1,Nepal,0,2020-01-30 16:00:00,Nepal,0,2020-01-30
413,2,US,0,2020-01-30 16:00:00,California,0,2020-01-30
412,8,Mainland China,0,2020-01-30 16:00:00,Qinghai,0,2020-01-30
410,1,Mainland China,0,2020-01-30 16:00:00,Tibet,0,2020-01-30
404,4,South Korea,0,2020-01-30 16:00:00,South Korea,0,2020-01-30
408,1,US,0,2020-01-30 16:00:00,Washington,0,2020-01-30
407,1,US,0,2020-01-30 16:00:00,Arizona,0,2020-01-30
406,11,Japan,0,2020-01-30 16:00:00,Japan,1,2020-01-30
405,14,Thailand,0,2020-01-30 16:00:00,Thailand,5,2020-01-30
415,70,Mainland China,0,2020-01-30 16:00:00,Yunnan,0,2020-01-30
409,1,US,0,2020-01-30 16:00:00,Illinois,0,2020-01-30
416,1,India,0,2020-01-30 16:00:00,India,0,2020-01-30
430,41,Mainland China,0,2020-01-30 16:00:00,Liaoning,1,2020-01-30
418,1,Cambodia,0,2020-01-30 16:00:00,Cambodia,0,2020-01-30
419,1,Sri Lanka,0,2020-01-30 16:00:00,Sri Lanka,0,2020-01-30
420,4,Australia,0,2020-01-30 16:00:00,New South Wales,2,2020-01-30
421,2,Australia,0,2020-01-30 16:00:00,Victoria,0,2020-01-30
422,3,Australia,0,2020-01-30 16:00:00,Queensland,0,2020-01-30
423,4,Germany,0,2020-01-30 16:00:00,Bavaria,0,2020-01-30
424,1,Finland,0,2020-01-30 16:00:00,Finland,0,2020-01-30
425,4,United Arab Emirates,0,2020-01-30 16:00:00,United Arab Emirates,0,2020-01-30
426,1,Philippines,0,2020-01-30 16:00:00,Philippines,0,2020-01-30
427,9,Taiwan,0,2020-01-30 16:00:00,Taiwan,0,2020-01-30
428,8,Malaysia ,0,2020-01-30 16:00:00,Malaysia ,0,2020-01-30
429,2,Canada,0,2020-01-30 16:00:00,Ontario,0,2020-01-30
403,10,Singapore ,0,2020-01-30 16:00:00,Singapore ,0,2020-01-30
417,1,Canada,0,2020-01-30 16:00:00,British Columbia,0,2020-01-30
402,10,Hong Kong,0,2020-01-30 16:00:00,Hong Kong,0,2020-01-30
377,277,Mainland China,0,2020-01-30 16:00:00,Hunan,2,2020-01-30
400,14,Mainland China,0,2020-01-30 16:00:00,Xinjiang,0,2020-01-30
401,2,Vietnam,0,2020-01-30 16:00:00,Vietnam,0,2020-01-30
373,5,France,0,2020-01-30 16:00:00,France,0,2020-01-30
374,4903,Mainland China,162,2020-01-30 16:00:00,Hubei,90,2020-01-30
375,354,Mainland China,0,2020-01-30 16:00:00,Guangdong,10,2020-01-30
376,278,Mainland China,2,2020-01-30 16:00:00,Henan,2,2020-01-30
378,200,Mainland China,0,2020-01-30 16:00:00,Anhui,2,2020-01-30
379,182,Mainland China,0,2020-01-30 16:00:00,Chongqing,1,2020-01-30
381,158,Mainland China,0,2020-01-30 16:00:00,Shandong,1,2020-01-30
382,142,Mainland China,1,2020-01-30 16:00:00,Sichuan,1,2020-01-30
383,129,Mainland China,0,2020-01-30 16:00:00,Jiangsu,1,2020-01-30
384,114,Mainland China,1,2020-01-30 16:00:00,Beijing,4,2020-01-30
385,112,Mainland China,1,2020-01-30 16:00:00,Shanghai,5,2020-01-30
386,101,Mainland China,0,2020-01-30 16:00:00,Fujian,0,2020-01-30
380,162,Mainland China,0,2020-01-30 16:00:00,Jiangxi,5,2020-01-30
388,17,Mainland China,0,2020-01-30 16:00:00,Ningxia,0,2020-01-30
399,12,Mainland China,0,2020-01-30 16:00:00,Guizhou,1,2020-01-30
387,428,Mainland China,0,2020-01-30 16:00:00,Zhejiang,4,2020-01-30
398,65,Mainland China,1,2020-01-30 16:00:00,Hebei,0,2020-01-30
397,63,Mainland China,0,2020-01-30 16:00:00,Shaanxi,0,2020-01-30
396,46,Mainland China,1,2020-01-30 16:00:00,Hainan,1,2020-01-30
394,14,Mainland China,0,2020-01-30 16:00:00,Jilin,1,2020-01-30
395,44,Mainland China,2,2020-01-30 16:00:00,Heilongjiang,0,2020-01-30
392,31,Mainland China,0,2020-01-30 16:00:00,Tianjin,0,2020-01-30
391,26,Mainland China,0,2020-01-30 16:00:00,Gansu,0,2020-01-30
390,19,Mainland China,0,2020-01-30 16:00:00,Inner Mongolia,0,2020-01-30
389,78,Mainland China,0,2020-01-30 16:00:00,Guangxi,2,2020-01-30
393,35,Mainland China,0,2020-01-30 16:00:00,Shanxi,1,2020-01-30
474,29,Mainland China,0,2020-01-31 23:59:00,Guizhou,2,2020-01-31
471,12,Hong Kong,0,2020-01-31 23:59:00,Hong Kong,0,2020-01-31
475,48,Mainland China,0,2020-01-31 23:59:00,Liaoning,1,2020-01-31
473,1,Nepal,0,2020-01-31 23:59:00,Nepal,0,2020-01-31
472,10,Taiwan,0,2020-01-31 23:59:00,Taiwan,0,2020-01-31
470,14,Mainland China,0,2020-01-31 23:59:00,Jilin,1,2020-01-31
465,32,Mainland China,0,2020-01-31 23:59:00,Tianjin,0,2020-01-31
468,21,Mainland China,0,2020-01-31 23:59:00,Ningxia,0,2020-01-31
467,29,Mainland China,0,2020-01-31 23:59:00,Gansu,0,2020-01-31
466,20,Mainland China,0,2020-01-31 23:59:00,Inner Mongolia,1,2020-01-31
464,39,Mainland China,0,2020-01-31 23:59:00,Shanxi,1,2020-01-31
476,87,Mainland China,0,2020-01-31 23:59:00,Shaanxi,0,2020-01-31
469,17,Mainland China,0,2020-01-31 23:59:00,Xinjiang,0,2020-01-31
477,83,Mainland China,0,2020-01-31 23:59:00,Yunnan,1,2020-01-31
491,59,Mainland China,2,2020-01-31 23:59:00,Heilongjiang,0,2020-01-31
479,538,Mainland China,0,2020-01-31 23:59:00,Zhejiang,14,2020-01-31
480,436,Mainland China,0,2020-01-31 23:59:00,Guangdong,11,2020-01-31
481,352,Mainland China,2,2020-01-31 23:59:00,Henan,3,2020-01-31
482,332,Mainland China,0,2020-01-31 23:59:00,Hunan,2,2020-01-31
483,240,Mainland China,0,2020-01-31 23:59:00,Jiangxi,7,2020-01-31
484,237,Mainland China,0,2020-01-31 23:59:00,Anhui,3,2020-01-31
485,211,Mainland China,0,2020-01-31 23:59:00,Chongqing,1,2020-01-31
486,184,Mainland China,0,2020-01-31 23:59:00,Shandong,2,2020-01-31
487,177,Mainland China,1,2020-01-31 23:59:00,Sichuan,1,2020-01-31
488,168,Mainland China,0,2020-01-31 23:59:00,Jiangsu,5,2020-01-31
489,139,Mainland China,1,2020-01-31 23:59:00,Beijing,5,2020-01-31
490,135,Mainland China,1,2020-01-31 23:59:00,Shanghai,9,2020-01-31
492,1,US,0,2020-01-31 23:59:00,Arizona,0,2020-01-31
463,1,Canada,0,2020-01-31 23:59:00,British Columbia,0,2020-01-31
478,5806,Mainland China,204,2020-01-31 23:59:00,Hubei,141,2020-01-31
462,87,Mainland China,0,2020-01-31 23:59:00,Guangxi,2,2020-01-31
439,11,South Korea,0,2020-01-31 23:59:00,South Korea,0,2020-01-31
460,82,Mainland China,1,2020-01-31 23:59:00,Hebei,0,2020-01-31
432,1,US,0,2020-01-31 23:59:00,Washington,0,2020-01-31
433,2,US,0,2020-01-31 23:59:00,Illinois,0,2020-01-31
434,2,Russia,0,2020-01-31 23:59:00,Russia,0,2020-01-31
435,2,UK,0,2020-01-31 23:59:00,UK,0,2020-01-31
436,2,US,0,2020-01-31 23:59:00,California,0,2020-01-31
437,1,Mainland China,0,2020-01-31 23:59:00,Tibet,0,2020-01-31
438,2,Italy,0,2020-01-31 23:59:00,Italy,0,2020-01-31
461,120,Mainland China,0,2020-01-31 23:59:00,Fujian,0,2020-01-31
440,8,Mainland China,0,2020-01-31 23:59:00,Qinghai,0,2020-01-31
441,7,Macau,0,2020-01-31 23:59:00,Macau,0,2020-01-31
442,52,Mainland China,1,2020-01-31 23:59:00,Hainan,1,2020-01-31
443,2,Vietnam,0,2020-01-31 23:59:00,Vietnam,0,2020-01-31
444,3,Australia,0,2020-01-31 23:59:00,Victoria,0,2020-01-31
445,2,Australia,0,2020-01-31 23:59:00,Queensland,0,2020-01-31
431,1,Cambodia,0,2020-01-31 23:59:00,Cambodia,0,2020-01-31
447,2,Canada,0,2020-01-31 23:59:00,Ontario,0,2020-01-31
459,4,United Arab Emirates,0,2020-01-31 23:59:00,United Arab Emirates,0,2020-01-31
458,19,Thailand,0,2020-01-31 23:59:00,Thailand,5,2020-01-31
456,13,Singapore,0,2020-01-31 23:59:00,Singapore,0,2020-01-31
455,1,Sri Lanka,0,2020-01-31 23:59:00,Sri Lanka,0,2020-01-31
454,1,Finland,0,2020-01-31 23:59:00,Finland,0,2020-01-31
457,15,Japan,0,2020-01-31 23:59:00,Japan,1,2020-01-31
452,1,Philippines,0,2020-01-31 23:59:00,Philippines,0,2020-01-31
451,5,France,0,2020-01-31 23:59:00,France,0,2020-01-31
450,5,Germany,0,2020-01-31 23:59:00,Bavaria,0,2020-01-31
449,1,India,0,2020-01-31 23:59:00,India,0,2020-01-31
448,1,Sweden,0,2020-01-31 23:59:00,Sweden,0,2020-01-31
453,8,Malaysia,0,2020-01-31 23:59:00,Malaysia,0,2020-01-31
446,4,Australia,0,2020-01-31 23:59:00,New South Wales,2,2020-01-31
499,207,Mainland China,1,2020-02-01 01:52:00,Sichuan,3,2020-02-01
493,286,Mainland China,0,2020-02-01 01:52:00,Jiangxi,9,2020-02-01
494,47,Mainland China,0,2020-02-01 01:52:00,Shanxi,1,2020-02-01
495,17,Mainland China,0,2020-02-01 01:52:00,Jilin,1,2020-02-01
496,100,Mainland China,0,2020-02-01 01:52:00,Guangxi,2,2020-02-01
497,96,Mainland China,1,2020-02-01 01:52:00,Hebei,0,2020-02-01
498,422,Mainland China,2,2020-02-01 01:52:00,Henan,3,2020-02-01
502,1,Mainland China,0,2020-02-01 01:52:40,Tibet,0,2020-02-01
500,2,UK,0,2020-02-01 01:52:40,UK,0,2020-02-01
501,6,France,0,2020-02-01 01:52:40,France,0,2020-02-01
503,26,Mainland China,0,2020-02-01 02:13:00,Ningxia,0,2020-02-01
504,1,Sweden,0,2020-02-01 02:13:26,Sweden,0,2020-02-01
511,13,Hong Kong,0,2020-02-01 05:37:00,Hong Kong,0,2020-02-01
505,9,Mainland China,0,2020-02-01 05:37:00,Qinghai,0,2020-02-01
506,144,Mainland China,0,2020-02-01 05:37:00,Fujian,0,2020-02-01
507,101,Mainland China,0,2020-02-01 05:37:00,Shaanxi,0,2020-02-01
508,23,Mainland China,0,2020-02-01 05:37:00,Inner Mongolia,1,2020-02-01
509,18,Mainland China,0,2020-02-01 05:37:00,Xinjiang,0,2020-02-01
510,16,Singapore,0,2020-02-01 05:37:00,Singapore,0,2020-02-01
512,169,Mainland China,1,2020-02-01 06:05:00,Shanghai,10,2020-02-01
513,6,Vietnam,0,2020-02-01 07:38:12,Vietnam,1,2020-02-01
514,206,Mainland China,0,2020-02-01 07:51:00,Shandong,3,2020-02-01
515,62,Mainland China,1,2020-02-01 08:43:00,Hainan,1,2020-02-01
516,247,Mainland China,1,2020-02-01 08:43:00,Chongqing,3,2020-02-01
517,168,Mainland China,1,2020-02-01 09:17:00,Beijing,9,2020-02-01
518,80,Mainland China,2,2020-02-01 10:33:00,Heilongjiang,2,2020-02-01
519,12,South Korea,0,2020-02-01 10:43:00,South Korea,0,2020-02-01
520,599,Mainland China,0,2020-02-01 10:53:00,Zhejiang,21,2020-02-01
521,389,Mainland China,0,2020-02-01 11:03:00,Hunan,8,2020-02-01
522,7153,Mainland China,249,2020-02-01 11:53:00,Hubei,168,2020-02-01
523,297,Mainland China,0,2020-02-01 13:33:00,Anhui,5,2020-02-01
524,202,Mainland China,0,2020-02-01 14:03:00,Jiangsu,6,2020-02-01
525,535,Mainland China,0,2020-02-01 14:23:00,Guangdong,14,2020-02-01
526,64,Mainland China,0,2020-02-01 15:23:00,Liaoning,1,2020-02-01
527,40,Mainland China,0,2020-02-01 15:43:00,Gansu,0,2020-02-01
528,41,Mainland China,0,2020-02-01 15:43:00,Tianjin,0,2020-02-01
529,93,Mainland China,0,2020-02-01 15:53:00,Yunnan,2,2020-02-01
530,1,Philippines,0,2020-02-01 17:43:00,Philippines,0,2020-02-01
531,3,Australia,0,2020-02-01 18:12:00,Queensland,0,2020-02-01
532,1,Australia,0,2020-02-01 18:12:00,South Australia,0,2020-02-01
533,1,Canada,0,2020-02-01 18:12:49,British Columbia,0,2020-02-01
534,3,Canada,0,2020-02-01 18:12:49,Ontario,0,2020-02-01
535,4,Australia,0,2020-02-01 18:12:49,Victoria,0,2020-02-01
536,4,Australia,0,2020-02-01 18:12:49,New South Wales,2,2020-02-01
537,8,Germany,0,2020-02-01 18:33:00,Germany,0,2020-02-01
538,20,Japan,0,2020-02-01 18:53:03,Japan,1,2020-02-01
539,2,US,0,2020-02-01 19:43:03,"Chicago, IL",0,2020-02-01
540,1,US,0,2020-02-01 19:43:03,"Tempe, AZ",0,2020-02-01
541,1,US,0,2020-02-01 19:43:03,"Seattle, WA",0,2020-02-01
542,1,US,0,2020-02-01 19:43:03,"Boston, MA",0,2020-02-01
543,1,US,0,2020-02-01 19:53:03,"Santa Clara, CA",0,2020-02-01
544,1,US,0,2020-02-01 19:53:03,"Los Angeles, CA",0,2020-02-01
545,1,US,0,2020-02-01 19:53:03,"Orange, CA",0,2020-02-01
546,1,Spain,0,2020-02-01 23:43:02,Spain,0,2020-02-01
547,111,Mainland China,0,2020-02-02 00:23:13,Guangxi,2,2020-02-02
548,21,Mainland China,0,2020-02-02 00:43:02,Xinjiang,0,2020-02-02
549,38,Mainland China,0,2020-02-02 01:03:32,Guizhou,2,2020-02-02
550,18,Singapore,0,2020-02-02 01:03:32,Singapore,0,2020-02-02
551,28,Mainland China,0,2020-02-02 01:43:02,Ningxia,0,2020-02-02
552,15,South Korea,0,2020-02-02 02:23:13,South Korea,0,2020-02-02
553,23,Mainland China,0,2020-02-02 02:33:02,Jilin,1,2020-02-02
554,104,Mainland China,1,2020-02-02 02:53:02,Hebei,3,2020-02-02
555,95,Mainland China,2,2020-02-02 03:23:14,Heilongjiang,2,2020-02-02
556,116,Mainland China,0,2020-02-02 03:23:14,Shaanxi,0,2020-02-02
557,2,Philippines,1,2020-02-02 03:33:07,Philippines,0,2020-02-02
558,27,Mainland China,0,2020-02-02 03:43:01,Inner Mongolia,1,2020-02-02
559,159,Mainland China,0,2020-02-02 03:43:01,Fujian,0,2020-02-02
560,8,Macau,0,2020-02-02 04:23:14,Macau,0,2020-02-02
561,11,Mainland China,0,2020-02-02 05:33:03,Qinghai,0,2020-02-02
562,5,United Arab Emirates,0,2020-02-02 05:43:01,United Arab Emirates,0,2020-02-02
563,182,Mainland China,1,2020-02-02 05:53:02,Shanghai,10,2020-02-02
564,2,India,0,2020-02-02 06:03:08,India,0,2020-02-02
565,191,Mainland China,1,2020-02-02 08:43:02,Beijing,9,2020-02-02
566,48,Mainland China,0,2020-02-02 09:43:01,Tianjin,1,2020-02-02
579,10,Germany,0,2020-02-02 18:03:05,Germany,0,2020-02-02
578,333,Mainland China,0,2020-02-02 18:03:05,Jiangxi,12,2020-02-02
577,236,Mainland China,0,2020-02-02 18:03:05,Jiangsu,7,2020-02-02
576,70,Mainland China,0,2020-02-02 18:03:05,Liaoning,1,2020-02-02
575,64,Mainland China,1,2020-02-02 18:03:05,Hainan,4,2020-02-02
574,632,Mainland China,0,2020-02-02 18:03:05,Guangdong,15,2020-02-02
569,493,Mainland China,2,2020-02-02 18:03:05,Henan,10,2020-02-02
572,230,Mainland China,0,2020-02-02 18:03:05,Shandong,6,2020-02-02
571,340,Mainland China,0,2020-02-02 18:03:05,Anhui,7,2020-02-02
570,463,Mainland China,0,2020-02-02 18:03:05,Hunan,16,2020-02-02
568,231,Mainland China,1,2020-02-02 18:03:05,Sichuan,11,2020-02-02
567,105,Mainland China,0,2020-02-02 18:03:05,Yunnan,3,2020-02-02
573,661,Mainland China,0,2020-02-02 18:03:05,Zhejiang,32,2020-02-02
580,2,Australia,0,2020-02-02 22:33:07,South Australia,0,2020-02-02
581,2,Australia,0,2020-02-02 22:33:07,Queensland,0,2020-02-02
582,66,Mainland China,0,2020-02-02 23:23:13,Shanxi,3,2020-02-02
583,300,Mainland China,2,2020-02-02 23:33:02,Chongqing,7,2020-02-02
585,11177,Mainland China,350,2020-02-02 23:43:02,Hubei,295,2020-02-02
584,51,Mainland China,0,2020-02-02 23:43:02,Gansu,3,2020-02-02
586,15,Hong Kong,0,2020-02-02 23:53:02,Hong Kong,0,2020-02-02
587,113,Mainland China,1,2020-02-03 00:23:14,Hebei,3,2020-02-03
588,2,US,0,2020-02-03 00:43:02,"Santa Clara, CA",0,2020-02-03
589,31,Mainland China,0,2020-02-03 00:53:03,Jilin,1,2020-02-03
590,46,Mainland China,0,2020-02-03 01:03:22,Guizhou,2,2020-02-03
591,24,Mainland China,0,2020-02-03 01:13:21,Xinjiang,0,2020-02-03
592,391,Mainland China,0,2020-02-03 01:33:02,Jiangxi,18,2020-02-03
593,128,Mainland China,0,2020-02-03 02:33:02,Shaanxi,0,2020-02-03
594,13,Mainland China,0,2020-02-03 02:43:01,Qinghai,0,2020-02-03
595,34,Mainland China,0,2020-02-03 03:03:09,Inner Mongolia,1,2020-02-03
596,2,US,0,2020-02-03 03:53:02,"San Benito, CA",0,2020-02-03
597,203,Mainland China,1,2020-02-03 07:03:12,Shanghai,10,2020-02-03
598,121,Mainland China,2,2020-02-03 07:13:19,Heilongjiang,2,2020-02-03
599,31,Mainland China,0,2020-02-03 08:33:03,Ningxia,1,2020-02-03
600,212,Mainland China,1,2020-02-03 09:23:05,Beijing,12,2020-02-03
602,271,Mainland China,0,2020-02-03 11:03:10,Jiangsu,8,2020-02-03
601,521,Mainland China,0,2020-02-03 11:03:10,Hunan,22,2020-02-03
603,254,Mainland China,1,2020-02-03 11:23:23,Sichuan,14,2020-02-03
604,179,Mainland China,0,2020-02-03 11:33:13,Fujian,1,2020-02-03
605,127,Mainland China,0,2020-02-03 12:33:02,Guangxi,7,2020-02-03
606,725,Mainland China,0,2020-02-03 12:53:02,Guangdong,21,2020-02-03
607,724,Mainland China,0,2020-02-03 13:33:02,Zhejiang,43,2020-02-03
608,60,Mainland China,0,2020-02-03 13:53:03,Tianjin,1,2020-02-03
610,259,Mainland China,0,2020-02-03 17:11:34,Shandong,7,2020-02-03
609,566,Mainland China,2,2020-02-03 17:11:34,Henan,16,2020-02-03
611,408,Mainland China,0,2020-02-03 17:11:34,Anhui,14,2020-02-03
612,74,Mainland China,0,2020-02-03 17:11:34,Liaoning,1,2020-02-03
613,72,Mainland China,1,2020-02-03 17:11:34,Hainan,4,2020-02-03
614,12,Germany,0,2020-02-03 20:53:02,Germany,0,2020-02-03
615,8,Vietnam,0,2020-02-03 21:43:02,Vietnam,1,2020-02-03
616,3,India,0,2020-02-03 21:43:02,India,0,2020-02-03
617,55,Mainland China,0,2020-02-03 23:03:08,Gansu,3,2020-02-03
618,74,Mainland China,0,2020-02-03 23:13:11,Shanxi,2,2020-02-03
620,13522,Mainland China,414,2020-02-03 23:23:03,Hubei,386,2020-02-03
619,117,Mainland China,0,2020-02-03 23:23:03,Yunnan,5,2020-02-03
621,337,Mainland China,2,2020-02-03 23:43:02,Chongqing,9,2020-02-03
622,1,Canada,0,2020-02-04 00:03:11,"London, ON",0,2020-02-04
623,2,Canada,0,2020-02-04 00:13:06,"Toronto, ON",0,2020-02-04
624,42,Mainland China,0,2020-02-04 00:23:05,Jilin,1,2020-02-04
625,29,Mainland China,0,2020-02-04 01:33:01,Xinjiang,0,2020-02-04
626,15,Mainland China,0,2020-02-04 01:33:01,Qinghai,0,2020-02-04
627,282,Mainland China,1,2020-02-04 01:43:02,Sichuan,14,2020-02-04
628,34,Mainland China,0,2020-02-04 02:13:18,Ningxia,1,2020-02-04
629,35,Mainland China,0,2020-02-04 03:03:07,Inner Mongolia,1,2020-02-04
630,10,Macau,0,2020-02-04 04:43:02,Macau,0,2020-02-04
631,480,Mainland China,0,2020-02-04 05:33:01,Anhui,20,2020-02-04
632,139,Mainland China,0,2020-02-04 05:53:01,Guangxi,10,2020-02-04
633,219,Mainland China,1,2020-02-04 06:33:02,Shanghai,12,2020-02-04
634,10,Malaysia,0,2020-02-04 07:33:02,Malaysia,0,2020-02-04
635,155,Mainland China,2,2020-02-04 07:43:01,Heilongjiang,4,2020-02-04
636,228,Mainland China,1,2020-02-04 08:33:01,Beijing,23,2020-02-04
637,126,Mainland China,1,2020-02-04 08:53:01,Hebei,4,2020-02-04
638,17,Hong Kong,1,2020-02-04 09:03:02,Hong Kong,0,2020-02-04
639,58,Mainland China,0,2020-02-04 10:43:02,Guizhou,2,2020-02-04
640,80,Mainland China,1,2020-02-04 11:33:03,Hainan,5,2020-02-04
641,308,Mainland China,0,2020-02-04 11:53:02,Jiangsu,12,2020-02-04
642,675,Mainland China,2,2020-02-04 11:53:02,Henan,27,2020-02-04
643,275,Mainland China,0,2020-02-04 12:03:04,Shandong,11,2020-02-04
644,194,Mainland China,0,2020-02-04 12:13:11,Fujian,3,2020-02-04
645,142,Mainland China,0,2020-02-04 12:33:02,Shaanxi,2,2020-02-04
646,829,Mainland China,0,2020-02-04 13:03:07,Zhejiang,62,2020-02-04
647,813,Mainland China,0,2020-02-04 13:03:07,Guangdong,30,2020-02-04
648,67,Mainland China,0,2020-02-04 13:33:02,Tianjin,2,2020-02-04
649,593,Mainland China,0,2020-02-04 14:03:03,Hunan,31,2020-02-04
650,81,Mainland China,0,2020-02-04 14:13:08,Liaoning,2,2020-02-04
651,476,Mainland China,0,2020-02-04 14:43:02,Jiangxi,20,2020-02-04
652,11,Taiwan,0,2020-02-04 14:53:02,Taiwan,0,2020-02-04
654,24,Singapore,0,2020-02-04 15:33:03,Singapore,0,2020-02-04
653,16,South Korea,0,2020-02-04 15:33:03,South Korea,0,2020-02-04
655,25,Thailand,0,2020-02-04 15:33:03,Thailand,5,2020-02-04
657,1,Belgium,0,2020-02-04 15:43:02,Belgium,0,2020-02-04
656,57,Mainland China,0,2020-02-04 15:43:02,Gansu,4,2020-02-04
658,22,Japan,0,2020-02-04 16:43:03,Japan,1,2020-02-04
659,3,Australia,0,2020-02-04 16:53:03,Queensland,0,2020-02-04
660,81,Mainland China,0,2020-02-04 23:23:02,Shanxi,4,2020-02-04
661,122,Mainland China,0,2020-02-04 23:23:02,Yunnan,5,2020-02-04
662,366,Mainland China,2,2020-02-04 23:43:01,Chongqing,9,2020-02-04
663,16678,Mainland China,479,2020-02-04 23:43:01,Hubei,522,2020-02-04
664,548,Mainland China,0,2020-02-05 01:33:07,Jiangxi,27,2020-02-05
665,32,Mainland China,0,2020-02-05 02:03:13,Xinjiang,0,2020-02-05
666,17,Mainland China,0,2020-02-05 03:13:05,Qinghai,3,2020-02-05
667,69,Mainland China,1,2020-02-05 03:43:02,Tianjin,2,2020-02-05
668,253,Mainland China,1,2020-02-05 05:43:02,Beijing,24,2020-02-05
669,243,Mainland China,1,2020-02-05 06:23:04,Shanghai,15,2020-02-05
670,165,Mainland China,0,2020-02-05 08:43:01,Shaanxi,6,2020-02-05
671,42,Mainland China,0,2020-02-05 08:53:02,Inner Mongolia,3,2020-02-05
672,301,Mainland China,1,2020-02-05 10:13:13,Sichuan,24,2020-02-05
673,307,Mainland China,0,2020-02-05 10:13:13,Shandong,15,2020-02-05
674,54,Mainland China,0,2020-02-05 11:03:16,Jilin,2,2020-02-05
675,135,Mainland China,1,2020-02-05 11:23:18,Hebei,6,2020-02-05
676,150,Mainland China,0,2020-02-05 12:03:08,Guangxi,13,2020-02-05
677,190,Mainland China,2,2020-02-05 12:13:04,Heilongjiang,7,2020-02-05
678,205,Mainland China,0,2020-02-05 12:33:01,Fujian,11,2020-02-05
679,64,Mainland China,1,2020-02-05 12:33:02,Guizhou,9,2020-02-05
680,341,Mainland China,0,2020-02-05 12:43:02,Jiangsu,23,2020-02-05
681,21,Hong Kong,1,2020-02-05 13:13:10,Hong Kong,0,2020-02-05
682,895,Mainland China,0,2020-02-05 13:23:04,Guangdong,49,2020-02-05
683,530,Mainland China,0,2020-02-05 13:43:02,Anhui,23,2020-02-05
684,764,Mainland China,2,2020-02-05 15:03:02,Henan,47,2020-02-05
685,895,Mainland China,0,2020-02-05 15:13:02,Zhejiang,78,2020-02-05
686,661,Mainland China,0,2020-02-05 15:23:02,Hunan,54,2020-02-05
687,81,Mainland China,0,2020-02-05 15:23:02,Shanxi,5,2020-02-05
688,89,Mainland China,0,2020-02-05 15:23:02,Liaoning,4,2020-02-05
689,19,South Korea,0,2020-02-05 15:33:01,South Korea,0,2020-02-05
690,12,Malaysia,0,2020-02-05 15:43:02,Malaysia,0,2020-02-05
691,62,Mainland China,0,2020-02-05 16:23:06,Gansu,6,2020-02-05
692,28,Singapore,0,2020-02-05 16:33:03,Singapore,0,2020-02-05
693,99,Mainland China,1,2020-02-05 16:43:04,Hainan,5,2020-02-05
694,2,Canada,0,2020-02-05 17:33:03,British Columbia,0,2020-02-05
695,1,US,0,2020-02-05 21:53:02,"Madison, WI",0,2020-02-05
696,19665,Mainland China,549,2020-02-05 23:13:12,Hubei,633,2020-02-05
697,128,Mainland China,0,2020-02-05 23:33:02,Yunnan,5,2020-02-05
698,389,Mainland China,2,2020-02-05 23:43:02,Chongqing,15,2020-02-05
699,36,Mainland China,0,2020-02-06 01:13:08,Xinjiang,0,2020-02-06
700,10,Vietnam,0,2020-02-06 01:13:08,Vietnam,1,2020-02-06
701,18,Mainland China,0,2020-02-06 02:13:15,Qinghai,3,2020-02-06
702,40,Mainland China,0,2020-02-06 02:13:15,Ningxia,1,2020-02-06
703,46,Mainland China,0,2020-02-06 02:23:08,Inner Mongolia,4,2020-02-06
704,600,Mainland China,0,2020-02-06 02:33:01,Jiangxi,37,2020-02-06
705,45,Japan,0,2020-02-06 02:53:03,Japan,1,2020-02-06
706,23,South Korea,0,2020-02-06 02:53:03,South Korea,0,2020-02-06
707,4,Australia,0,2020-02-06 02:53:03,Queensland,0,2020-02-06
708,4,Australia,0,2020-02-06 03:13:22,New South Wales,2,2020-02-06
709,274,Mainland China,1,2020-02-06 03:23:11,Beijing,31,2020-02-06
710,168,Mainland China,0,2020-02-06 04:13:13,Guangxi,14,2020-02-06
711,257,Mainland China,1,2020-02-06 06:53:07,Shanghai,25,2020-02-06
712,347,Mainland China,0,2020-02-06 07:53:02,Shandong,27,2020-02-06
713,321,Mainland China,1,2020-02-06 08:03:10,Sichuan,31,2020-02-06
714,373,Mainland China,0,2020-02-06 08:03:10,Jiangsu,34,2020-02-06
715,227,Mainland China,3,2020-02-06 08:13:06,Heilongjiang,8,2020-02-06
716,133,Mainland China,0,2020-02-06 09:43:02,Yunnan,7,2020-02-06
717,71,Mainland China,1,2020-02-06 09:53:02,Guizhou,6,2020-02-06
718,954,Mainland China,0,2020-02-06 10:53:04,Zhejiang,94,2020-02-06
719,215,Mainland China,0,2020-02-06 11:03:19,Fujian,14,2020-02-06
720,106,Mainland China,1,2020-02-06 11:13:24,Hainan,8,2020-02-06
721,851,Mainland China,2,2020-02-06 11:23:14,Henan,56,2020-02-06
722,970,Mainland China,0,2020-02-06 12:43:02,Guangdong,69,2020-02-06
723,711,Mainland China,0,2020-02-06 13:13:06,Hunan,81,2020-02-06
724,591,Mainland China,0,2020-02-06 13:33:02,Anhui,34,2020-02-06
725,157,Mainland China,1,2020-02-06 13:53:02,Hebei,13,2020-02-06
726,173,Mainland China,0,2020-02-06 13:53:02,Shaanxi,9,2020-02-06
728,10,Macau,0,2020-02-06 14:23:04,Macau,1,2020-02-06
727,59,Mainland China,0,2020-02-06 14:23:04,Jilin,4,2020-02-06
729,94,Mainland China,0,2020-02-06 14:33:02,Liaoning,5,2020-02-06
730,24,Hong Kong,1,2020-02-06 14:43:02,Hong Kong,0,2020-02-06
731,16,Taiwan,0,2020-02-06 15:03:04,Taiwan,1,2020-02-06
732,96,Mainland China,0,2020-02-06 23:03:02,Shanxi,12,2020-02-06
733,22112,Mainland China,618,2020-02-06 23:23:02,Hubei,817,2020-02-06
734,411,Mainland China,2,2020-02-06 23:33:02,Chongqing,24,2020-02-06
735,79,Mainland China,1,2020-02-06 23:43:01,Tianjin,2,2020-02-06
736,172,Mainland China,0,2020-02-07 00:33:02,Guangxi,17,2020-02-07
737,65,Mainland China,1,2020-02-07 00:43:02,Jilin,4,2020-02-07
738,5,Australia,0,2020-02-07 01:03:02,Queensland,0,2020-02-07
739,661,Mainland China,0,2020-02-07 01:23:02,Jiangxi,45,2020-02-07
740,39,Mainland China,0,2020-02-07 01:43:02,Xinjiang,0,2020-02-07
741,67,Mainland China,0,2020-02-07 02:33:06,Gansu,9,2020-02-07
742,24,South Korea,0,2020-02-07 03:03:03,South Korea,1,2020-02-07
743,30,Singapore,0,2020-02-07 03:03:03,Singapore,0,2020-02-07
744,297,Mainland China,1,2020-02-07 03:23:02,Beijing,33,2020-02-07
745,25,Japan,0,2020-02-07 04:13:20,Japan,1,2020-02-07
746,665,Mainland China,0,2020-02-07 05:13:07,Anhui,47,2020-02-07
748,4,Canada,0,2020-02-07 05:43:03,British Columbia,0,2020-02-07
747,81,Mainland China,1,2020-02-07 05:43:03,Tianjin,2,2020-02-07
749,277,Mainland China,1,2020-02-07 06:14:15,Shanghai,30,2020-02-07
750,277,Mainland China,3,2020-02-07 07:43:02,Heilongjiang,12,2020-02-07
751,344,Mainland China,1,2020-02-07 08:23:09,Sichuan,42,2020-02-07
752,184,Mainland China,0,2020-02-07 08:23:09,Shaanxi,17,2020-02-07
753,12,Malaysia,0,2020-02-07 09:13:21,Malaysia,1,2020-02-07
754,1034,Mainland China,1,2020-02-07 10:13:06,Guangdong,88,2020-02-07
757,43,Mainland China,0,2020-02-07 11:13:07,Ningxia,5,2020-02-07
756,81,Mainland China,1,2020-02-07 11:13:07,Guizhou,6,2020-02-07
755,50,Mainland China,0,2020-02-07 11:13:07,Inner Mongolia,5,2020-02-07
758,772,Mainland China,0,2020-02-07 11:33:11,Hunan,112,2020-02-07
759,386,Mainland China,0,2020-02-07 11:33:11,Shandong,37,2020-02-07
760,1006,Mainland China,0,2020-02-07 11:33:11,Zhejiang,123,2020-02-07
761,25,Hong Kong,1,2020-02-07 11:53:02,Hong Kong,0,2020-02-07
762,172,Mainland China,1,2020-02-07 12:03:04,Hebei,22,2020-02-07
763,117,Mainland China,2,2020-02-07 12:33:02,Hainan,10,2020-02-07
764,224,Mainland China,0,2020-02-07 13:23:03,Fujian,20,2020-02-07
765,408,Mainland China,0,2020-02-07 14:03:12,Jiangsu,43,2020-02-07
766,914,Mainland China,3,2020-02-07 14:03:12,Henan,86,2020-02-07
767,99,Mainland China,0,2020-02-07 15:33:03,Liaoning,7,2020-02-07
768,13,Germany,0,2020-02-07 16:33:03,Germany,0,2020-02-07
769,61,Others,0,2020-02-07 16:33:03,Cruise Ship,0,2020-02-07
770,3,Philippines,1,2020-02-07 16:43:04,Philippines,0,2020-02-07
771,3,Italy,0,2020-02-07 17:53:02,Italy,0,2020-02-07
772,3,UK,0,2020-02-07 18:33:02,UK,0,2020-02-07
773,138,Mainland China,0,2020-02-07 23:23:04,Yunnan,12,2020-02-07
774,426,Mainland China,2,2020-02-07 23:33:02,Chongqing,31,2020-02-07
776,24953,Mainland China,699,2020-02-07 23:43:02,Hubei,1115,2020-02-07
775,104,Mainland China,0,2020-02-07 23:43:02,Shanxi,15,2020-02-07
777,26,Hong Kong,1,2020-02-08 00:03:07,Hong Kong,0,2020-02-08
778,69,Mainland China,1,2020-02-08 00:13:04,Jilin,4,2020-02-08
779,183,Mainland China,0,2020-02-08 00:23:03,Guangxi,17,2020-02-08
780,698,Mainland China,0,2020-02-08 01:23:02,Jiangxi,55,2020-02-08
781,315,Mainland China,2,2020-02-08 03:13:09,Beijing,34,2020-02-08
782,42,Mainland China,0,2020-02-08 03:23:10,Xinjiang,0,2020-02-08
783,52,Mainland China,0,2020-02-08 03:33:02,Inner Mongolia,5,2020-02-08
784,1,Sri Lanka,0,2020-02-08 03:43:03,Sri Lanka,1,2020-02-08
785,295,Mainland China,5,2020-02-08 04:03:09,Heilongjiang,13,2020-02-08
786,17,Taiwan,0,2020-02-08 05:23:02,Taiwan,1,2020-02-08
787,286,Mainland China,1,2020-02-08 06:33:02,Shanghai,41,2020-02-08
788,89,Mainland China,1,2020-02-08 06:43:03,Guizhou,7,2020-02-08
789,7,United Arab Emirates,0,2020-02-08 07:03:16,United Arab Emirates,0,2020-02-08
790,13,Vietnam,0,2020-02-08 07:23:04,Vietnam,1,2020-02-08
791,733,Mainland China,0,2020-02-08 07:43:02,Anhui,59,2020-02-08
792,239,Mainland China,0,2020-02-08 08:13:10,Fujian,24,2020-02-08
793,88,Mainland China,1,2020-02-08 08:23:04,Tianjin,4,2020-02-08
794,138,Mainland China,0,2020-02-08 08:43:02,Yunnan,17,2020-02-08
795,45,Mainland China,0,2020-02-08 09:13:16,Ningxia,15,2020-02-08
796,11,France,0,2020-02-08 09:53:01,France,0,2020-02-08
797,195,Mainland China,0,2020-02-08 10:13:06,Shaanxi,20,2020-02-08
798,124,Mainland China,2,2020-02-08 10:23:04,Hainan,14,2020-02-08
799,439,Mainland China,0,2020-02-08 10:23:04,Jiangsu,51,2020-02-08
800,16,Malaysia,0,2020-02-08 10:23:04,Malaysia,1,2020-02-08
801,1048,Mainland China,0,2020-02-08 10:53:02,Zhejiang,175,2020-02-08
802,428,Mainland China,2,2020-02-08 11:03:15,Chongqing,39,2020-02-08
804,416,Mainland China,0,2020-02-08 11:33:02,Shandong,44,2020-02-08
803,195,Mainland China,1,2020-02-08 11:33:02,Hebei,30,2020-02-08
805,105,Mainland China,0,2020-02-08 11:53:01,Liaoning,8,2020-02-08
806,1095,Mainland China,1,2020-02-08 11:53:01,Guangdong,112,2020-02-08
807,803,Mainland China,1,2020-02-08 12:53:01,Hunan,156,2020-02-08
808,33,Singapore,0,2020-02-08 12:53:01,Singapore,2,2020-02-08
809,32,Thailand,0,2020-02-08 12:53:01,Thailand,10,2020-02-08
810,981,Mainland China,4,2020-02-08 14:13:12,Henan,116,2020-02-08
811,79,Mainland China,1,2020-02-08 15:13:14,Gansu,12,2020-02-08
812,364,Mainland China,1,2020-02-08 15:23:04,Sichuan,60,2020-02-08
813,27100,Mainland China,780,2020-02-08 23:33:06,Hubei,1439,2020-02-08
814,115,Mainland China,0,2020-02-08 23:53:02,Shanxi,21,2020-02-08
815,195,Mainland China,1,2020-02-09 00:33:07,Guangxi,18,2020-02-09
816,45,Mainland China,0,2020-02-09 01:23:08,Xinjiang,0,2020-02-09
817,45,Mainland China,0,2020-02-09 02:03:11,Ningxia,13,2020-02-09
818,54,Mainland China,0,2020-02-09 02:23:07,Inner Mongolia,5,2020-02-09
819,25,South Korea,0,2020-02-09 02:33:02,South Korea,3,2020-02-09
820,40,Singapore,0,2020-02-09 02:43:02,Singapore,2,2020-02-09
821,208,Mainland China,0,2020-02-09 03:03:09,Shaanxi,25,2020-02-09
822,326,Mainland China,2,2020-02-09 03:43:02,Beijing,37,2020-02-09
823,64,Others,0,2020-02-09 06:13:11,Diamond Princess cruise ship,0,2020-02-09
824,26,Japan,0,2020-02-09 06:13:11,Japan,1,2020-02-09
825,14,Germany,0,2020-02-09 06:13:11,Germany,0,2020-02-09
826,293,Mainland China,1,2020-02-09 06:33:01,Shanghai,44,2020-02-09
827,1,US,0,2020-02-09 07:03:04,"Seattle, WA",1,2020-02-09
828,307,Mainland China,6,2020-02-09 08:43:05,Heilongjiang,14,2020-02-09
829,141,Mainland China,0,2020-02-09 08:53:02,Yunnan,18,2020-02-09
830,78,Mainland China,1,2020-02-09 09:03:04,Jilin,12,2020-02-09
832,250,Mainland China,0,2020-02-09 09:13:11,Fujian,35,2020-02-09
831,18,Taiwan,0,2020-02-09 09:13:11,Taiwan,1,2020-02-09
833,779,Mainland China,1,2020-02-09 09:33:02,Anhui,72,2020-02-09
834,29,Hong Kong,1,2020-02-09 09:53:02,Hong Kong,0,2020-02-09
835,99,Mainland China,1,2020-02-09 09:53:02,Guizhou,7,2020-02-09
836,468,Mainland China,0,2020-02-09 10:23:11,Jiangsu,71,2020-02-09
837,1033,Mainland China,6,2020-02-09 11:23:08,Henan,153,2020-02-09
838,740,Mainland China,0,2020-02-09 11:33:12,Jiangxi,73,2020-02-09
839,1075,Mainland China,0,2020-02-09 12:03:04,Zhejiang,201,2020-02-09
840,107,Mainland China,0,2020-02-09 12:23:03,Liaoning,12,2020-02-09
841,838,Mainland China,1,2020-02-09 12:33:01,Hunan,186,2020-02-09
842,386,Mainland China,1,2020-02-09 12:43:01,Sichuan,71,2020-02-09
843,206,Mainland China,2,2020-02-09 12:43:01,Hebei,34,2020-02-09
844,131,Mainland China,3,2020-02-09 13:33:02,Hainan,19,2020-02-09
845,444,Mainland China,1,2020-02-09 15:03:05,Shandong,63,2020-02-09
846,1131,Mainland China,1,2020-02-09 15:03:05,Guangdong,141,2020-02-09
847,2,US,0,2020-02-09 19:03:03,"Chicago, IL",2,2020-02-09
848,5,Australia,0,2020-02-09 19:33:02,Queensland,0,2020-02-09
849,2,Spain,0,2020-02-09 20:33:03,Spain,0,2020-02-09
850,29631,Mainland China,871,2020-02-09 23:33:02,Hubei,1795,2020-02-09
851,83,Mainland China,2,2020-02-09 23:33:02,Gansu,16,2020-02-09
852,91,Mainland China,1,2020-02-09 23:43:02,Tianjin,4,2020-02-09
853,119,Mainland China,0,2020-02-09 23:43:02,Shanxi,25,2020-02-09
854,468,Mainland China,2,2020-02-09 23:53:02,Chongqing,51,2020-02-09
855,49,Mainland China,0,2020-02-10 01:13:06,Xinjiang,0,2020-02-10
856,49,Mainland China,0,2020-02-10 01:43:02,Ningxia,13,2020-02-10
857,58,Mainland China,0,2020-02-10 02:43:05,Inner Mongolia,5,2020-02-10
860,27,South Korea,0,2020-02-10 03:03:09,South Korea,3,2020-02-10
858,14,Vietnam,0,2020-02-10 03:03:09,Vietnam,1,2020-02-10
859,18,Malaysia,0,2020-02-10 03:03:09,Malaysia,1,2020-02-10
861,337,Mainland China,2,2020-02-10 03:13:08,Beijing,44,2020-02-10
862,299,Mainland China,1,2020-02-10 06:03:13,Shanghai,48,2020-02-10
863,830,Mainland China,3,2020-02-10 07:23:04,Anhui,88,2020-02-10
864,83,Mainland China,2,2020-02-10 07:23:04,Gansu,17,2020-02-10
865,331,Mainland China,7,2020-02-10 07:33:05,Heilongjiang,30,2020-02-10
866,138,Mainland China,3,2020-02-10 09:33:02,Hainan,19,2020-02-10
867,466,Mainland China,1,2020-02-10 09:33:02,Shandong,66,2020-02-10
868,149,Mainland China,0,2020-02-10 09:43:02,Yunnan,19,2020-02-10
869,405,Mainland China,1,2020-02-10 10:03:02,Sichuan,80,2020-02-10
870,218,Mainland China,2,2020-02-10 10:03:02,Hebei,41,2020-02-10
871,38,Hong Kong,1,2020-02-10 10:13:06,Hong Kong,0,2020-02-10
872,109,Mainland China,1,2020-02-10 12:33:02,Guizhou,10,2020-02-10
873,213,Mainland China,0,2020-02-10 13:23:06,Shaanxi,30,2020-02-10
874,1159,Mainland China,1,2020-02-10 13:43:02,Guangdong,167,2020-02-10
876,879,Mainland China,1,2020-02-10 13:53:02,Hunan,208,2020-02-10
877,771,Mainland China,1,2020-02-10 13:53:02,Jiangxi,105,2020-02-10
875,1073,Mainland China,6,2020-02-10 13:53:02,Henan,191,2020-02-10
878,108,Mainland China,0,2020-02-10 14:03:05,Liaoning,13,2020-02-10
879,210,Mainland China,1,2020-02-10 14:03:05,Guangxi,24,2020-02-10
880,80,Mainland China,1,2020-02-10 14:03:05,Jilin,13,2020-02-10
881,261,Mainland China,0,2020-02-10 14:03:05,Fujian,39,2020-02-10
882,492,Mainland China,0,2020-02-10 14:03:05,Jiangsu,81,2020-02-10
883,1092,Mainland China,0,2020-02-10 14:13:12,Zhejiang,242,2020-02-10
884,95,Mainland China,1,2020-02-10 14:23:08,Tianjin,8,2020-02-10
885,135,Others,0,2020-02-10 16:03:12,Diamond Princess cruise ship,0,2020-02-10
886,45,Singapore,0,2020-02-10 19:03:02,Singapore,2,2020-02-10
887,8,UK,0,2020-02-10 19:03:02,UK,0,2020-02-10
888,26,Japan,0,2020-02-10 21:33:02,Japan,4,2020-02-10
889,8,United Arab Emirates,0,2020-02-10 23:03:09,United Arab Emirates,0,2020-02-10
890,31728,Mainland China,974,2020-02-10 23:33:02,Hubei,2222,2020-02-10
891,486,Mainland China,2,2020-02-10 23:43:02,Chongqing,66,2020-02-10
892,1,US,0,2020-02-11 01:23:05,"San Diego County, CA",0,2020-02-11
894,28,South Korea,0,2020-02-11 02:53:02,South Korea,3,2020-02-11
893,26,Japan,0,2020-02-11 02:53:02,Japan,9,2020-02-11
895,342,Mainland China,3,2020-02-11 03:03:07,Beijing,48,2020-02-11
896,18,Malaysia,0,2020-02-11 03:13:13,Malaysia,3,2020-02-11
897,219,Mainland China,0,2020-02-11 06:03:16,Shaanxi,32,2020-02-11
898,303,Mainland China,1,2020-02-11 06:23:02,Shanghai,52,2020-02-11
899,81,Mainland China,1,2020-02-11 08:03:06,Jilin,18,2020-02-11
900,515,Mainland China,0,2020-02-11 08:13:06,Jiangsu,93,2020-02-11
901,55,Mainland China,0,2020-02-11 09:13:11,Xinjiang,3,2020-02-11
902,153,Mainland China,0,2020-02-11 09:23:04,Yunnan,20,2020-02-11
903,49,Hong Kong,1,2020-02-11 09:43:02,Hong Kong,0,2020-02-11
904,860,Mainland China,4,2020-02-11 09:43:02,Anhui,105,2020-02-11
905,53,Mainland China,0,2020-02-11 10:03:08,Ningxia,22,2020-02-11
910,487,Mainland China,1,2020-02-11 11:23:04,Shandong,80,2020-02-11
909,239,Mainland China,2,2020-02-11 11:23:04,Hebei,48,2020-02-11
911,215,Mainland China,1,2020-02-11 11:23:04,Guangxi,33,2020-02-11
907,417,Mainland China,1,2020-02-11 11:23:04,Sichuan,85,2020-02-11
906,360,Mainland China,8,2020-02-11 11:23:04,Heilongjiang,28,2020-02-11
908,18,Mainland China,0,2020-02-11 11:23:04,Qinghai,5,2020-02-11
914,111,Mainland China,0,2020-02-11 12:53:02,Liaoning,19,2020-02-11
912,912,Mainland China,1,2020-02-11 12:53:02,Hunan,247,2020-02-11
913,1117,Mainland China,0,2020-02-11 12:53:02,Zhejiang,270,2020-02-11
915,127,Mainland China,1,2020-02-11 14:03:05,Guizhou,17,2020-02-11
916,1105,Mainland China,7,2020-02-11 14:03:05,Henan,218,2020-02-11
917,804,Mainland China,1,2020-02-11 14:03:05,Jiangxi,128,2020-02-11
918,1177,Mainland China,1,2020-02-11 14:03:05,Guangdong,212,2020-02-11
919,267,Mainland China,0,2020-02-11 14:03:05,Fujian,45,2020-02-11
920,144,Mainland China,3,2020-02-11 14:33:02,Hainan,20,2020-02-11
921,86,Mainland China,2,2020-02-11 15:23:04,Gansu,24,2020-02-11
923,15,Vietnam,0,2020-02-11 16:43:06,Vietnam,6,2020-02-11
922,47,Singapore,0,2020-02-11 16:43:06,Singapore,9,2020-02-11
924,33,Thailand,0,2020-02-11 18:43:04,Thailand,10,2020-02-11
925,16,Germany,0,2020-02-11 19:33:03,Germany,0,2020-02-11
926,106,Mainland China,2,2020-02-11 23:13:05,Tianjin,10,2020-02-11
927,33366,Mainland China,1068,2020-02-11 23:33:02,Hubei,2639,2020-02-11
928,124,Mainland China,0,2020-02-11 23:33:02,Shanxi,30,2020-02-11
929,505,Mainland China,3,2020-02-11 23:53:02,Chongqing,79,2020-02-11
930,1,Finland,0,2020-02-12 00:03:12,Finland,1,2020-02-12
931,8,United Arab Emirates,0,2020-02-12 00:33:02,United Arab Emirates,1,2020-02-12
932,844,Mainland China,1,2020-02-12 01:23:06,Jiangxi,152,2020-02-12
933,59,Mainland China,0,2020-02-12 01:43:02,Xinjiang,3,2020-02-12
934,352,Mainland China,3,2020-02-12 02:43:03,Beijing,56,2020-02-12
935,28,Japan,0,2020-02-12 02:43:03,Japan,9,2020-02-12
936,175,Others,0,2020-02-12 04:23:38,Diamond Princess cruise ship,0,2020-02-12
937,311,Mainland China,1,2020-02-12 06:23:08,Shanghai,57,2020-02-12
938,1,Mainland China,0,2020-02-12 06:43:02,Tibet,1,2020-02-12
939,1,Cambodia,0,2020-02-12 07:43:02,Cambodia,1,2020-02-12
940,3,Philippines,1,2020-02-12 07:43:02,Philippines,1,2020-02-12
941,18,Mainland China,0,2020-02-12 08:03:06,Qinghai,9,2020-02-12
942,133,Mainland China,1,2020-02-12 09:43:02,Guizhou,18,2020-02-12
943,10,Macau,0,2020-02-12 09:53:02,Macau,2,2020-02-12
944,50,Hong Kong,1,2020-02-12 09:53:02,Hong Kong,1,2020-02-12
945,1131,Mainland China,0,2020-02-12 10:13:20,Zhejiang,321,2020-02-12
946,889,Mainland China,4,2020-02-12 10:13:20,Anhui,127,2020-02-12
951,497,Mainland China,2,2020-02-12 11:13:05,Shandong,92,2020-02-12
950,251,Mainland China,2,2020-02-12 11:13:05,Hebei,54,2020-02-12
949,60,Mainland China,0,2020-02-12 11:13:05,Inner Mongolia,6,2020-02-12
948,58,Mainland China,0,2020-02-12 11:13:05,Ningxia,24,2020-02-12
947,225,Mainland China,0,2020-02-12 11:13:05,Shaanxi,43,2020-02-12
952,272,Mainland China,0,2020-02-12 11:53:02,Fujian,53,2020-02-12
953,1219,Mainland China,1,2020-02-12 12:23:09,Guangdong,275,2020-02-12
954,946,Mainland China,2,2020-02-12 12:43:03,Hunan,304,2020-02-12
955,436,Mainland China,1,2020-02-12 12:43:03,Sichuan,92,2020-02-12
956,116,Mainland China,1,2020-02-12 13:33:02,Liaoning,20,2020-02-12
962,543,Mainland China,0,2020-02-12 14:13:08,Jiangsu,125,2020-02-12
961,154,Mainland China,0,2020-02-12 14:13:08,Yunnan,26,2020-02-12
960,1135,Mainland China,8,2020-02-12 14:13:08,Henan,246,2020-02-12
958,83,Mainland China,1,2020-02-12 14:13:08,Jilin,22,2020-02-12
957,33366,Mainland China,1068,2020-02-12 14:13:08,Hubei,2686,2020-02-12
959,378,Mainland China,8,2020-02-12 14:13:08,Heilongjiang,31,2020-02-12
963,28,South Korea,0,2020-02-12 14:43:03,South Korea,7,2020-02-12
964,2,Russia,0,2020-02-12 14:43:03,Russia,2,2020-02-12
965,1,Nepal,0,2020-02-12 14:43:03,Nepal,1,2020-02-12
966,112,Mainland China,2,2020-02-12 15:03:05,Tianjin,11,2020-02-12
967,222,Mainland China,1,2020-02-12 15:03:05,Guangxi,32,2020-02-12
968,157,Mainland China,4,2020-02-12 17:03:03,Hainan,27,2020-02-12
969,11,France,0,2020-02-12 18:53:02,France,2,2020-02-12
970,1,Canada,0,2020-02-12 18:53:03,"London, ON",1,2020-02-12
971,9,UK,0,2020-02-12 19:03:06,UK,1,2020-02-12
972,50,Singapore,0,2020-02-12 19:53:02,Singapore,15,2020-02-12
973,126,Mainland China,0,2020-02-12 23:03:02,Shanxi,33,2020-02-12
974,518,Mainland China,3,2020-02-12 23:13:08,Chongqing,102,2020-02-12
975,87,Mainland China,2,2020-02-12 23:23:01,Gansu,31,2020-02-12
976,222,Mainland China,2,2020-02-13 00:23:10,Guangxi,33,2020-02-13
977,872,Mainland China,1,2020-02-13 01:13:08,Jiangxi,170,2020-02-13
979,64,Mainland China,0,2020-02-13 01:23:08,Ningxia,24,2020-02-13
978,61,Mainland China,0,2020-02-13 01:23:08,Inner Mongolia,6,2020-02-13
980,2,US,0,2020-02-13 03:13:08,"San Diego County, CA",0,2020-02-13
981,315,Mainland China,1,2020-02-13 06:13:15,Shanghai,62,2020-02-13
982,16,Vietnam,0,2020-02-13 06:33:02,Vietnam,7,2020-02-13
983,18,Mainland China,0,2020-02-13 08:43:08,Qinghai,11,2020-02-13
984,156,Mainland China,0,2020-02-13 08:43:08,Yunnan,27,2020-02-13
990,135,Mainland China,1,2020-02-13 10:33:23,Guizhou,27,2020-02-13
989,63,Mainland China,1,2020-02-13 10:33:23,Xinjiang,6,2020-02-13
988,570,Mainland China,0,2020-02-13 10:33:23,Jiangsu,139,2020-02-13
986,279,Mainland China,0,2020-02-13 10:33:23,Fujian,57,2020-02-13
987,229,Mainland China,0,2020-02-13 10:33:23,Shaanxi,46,2020-02-13
985,265,Mainland China,3,2020-02-13 10:33:23,Hebei,68,2020-02-13
991,157,Mainland China,4,2020-02-13 10:43:03,Hainan,30,2020-02-13
992,19,Malaysia,0,2020-02-13 10:53:02,Malaysia,3,2020-02-13
993,968,Mainland China,2,2020-02-13 11:53:02,Hunan,339,2020-02-13
994,395,Mainland China,9,2020-02-13 12:13:06,Heilongjiang,33,2020-02-13
995,28,Japan,1,2020-02-13 12:23:05,Japan,9,2020-02-13
1000,509,Mainland China,2,2020-02-13 13:33:01,Shandong,105,2020-02-13
999,910,Mainland China,5,2020-02-13 13:33:01,Anhui,157,2020-02-13
997,1241,Mainland China,2,2020-02-13 13:33:01,Guangdong,314,2020-02-13
996,451,Mainland China,1,2020-02-13 13:33:01,Sichuan,104,2020-02-13
998,84,Mainland China,1,2020-02-13 13:33:01,Jilin,24,2020-02-13
1001,366,Mainland China,3,2020-02-13 14:13:06,Beijing,69,2020-02-13
1002,10,Macau,0,2020-02-13 14:13:06,Macau,3,2020-02-13
1003,48206,Mainland China,1310,2020-02-13 14:13:06,Hubei,3459,2020-02-13
1004,1145,Mainland China,0,2020-02-13 14:13:06,Zhejiang,360,2020-02-13
1006,58,Singapore,0,2020-02-13 14:33:02,Singapore,15,2020-02-13
1005,117,Mainland China,1,2020-02-13 14:33:02,Liaoning,22,2020-02-13
1007,53,Hong Kong,1,2020-02-13 14:53:02,Hong Kong,1,2020-02-13
1008,1169,Mainland China,10,2020-02-13 14:53:02,Henan,296,2020-02-13
1009,16,Germany,0,2020-02-13 15:13:11,Germany,1,2020-02-13
1010,90,Mainland China,2,2020-02-13 15:53:03,Gansu,39,2020-02-13
1011,33,Thailand,0,2020-02-13 17:53:03,Thailand,12,2020-02-13
1012,4,Australia,0,2020-02-13 17:53:03,New South Wales,4,2020-02-13
1013,4,Australia,0,2020-02-13 17:53:03,Victoria,4,2020-02-13
1014,3,India,0,2020-02-13 18:53:02,India,0,2020-02-13
1015,1,US,0,2020-02-13 18:53:02,"San Antonio, TX",0,2020-02-13
1016,126,Mainland China,0,2020-02-13 23:23:05,Shanxi,36,2020-02-13
1017,529,Mainland China,4,2020-02-13 23:23:05,Chongqing,128,2020-02-13
1018,119,Mainland China,3,2020-02-13 23:43:02,Tianjin,21,2020-02-13
1019,218,Others,0,2020-02-14 00:13:23,Diamond Princess cruise ship,0,2020-02-14
1020,86,Mainland China,1,2020-02-14 00:43:02,Jilin,25,2020-02-14
1021,65,Mainland China,1,2020-02-14 01:13:06,Xinjiang,6,2020-02-14
1022,900,Mainland China,1,2020-02-14 01:13:06,Jiangxi,187,2020-02-14
1023,67,Mainland China,0,2020-02-14 01:43:02,Ningxia,24,2020-02-14
1024,140,Mainland China,1,2020-02-14 01:53:02,Guizhou,28,2020-02-14
1025,65,Mainland China,0,2020-02-14 02:03:08,Inner Mongolia,6,2020-02-14
1026,18,Taiwan,0,2020-02-14 02:13:06,Taiwan,2,2020-02-14
1027,29,Japan,1,2020-02-14 03:53:02,Japan,9,2020-02-14
1028,318,Mainland China,1,2020-02-14 04:13:11,Shanghai,90,2020-02-14
1029,372,Mainland China,3,2020-02-14 06:33:02,Beijing,80,2020-02-14
1030,56,Hong Kong,1,2020-02-14 09:03:12,Hong Kong,1,2020-02-14
1031,988,Mainland China,2,2020-02-14 09:23:04,Hunan,364,2020-02-14
1032,593,Mainland China,0,2020-02-14 10:03:03,Jiangsu,157,2020-02-14
1033,463,Mainland China,1,2020-02-14 11:13:22,Sichuan,114,2020-02-14
1034,523,Mainland China,2,2020-02-14 11:13:22,Shandong,136,2020-02-14
1035,120,Mainland China,3,2020-02-14 11:13:22,Tianjin,31,2020-02-14
1036,281,Mainland China,0,2020-02-14 11:13:22,Fujian,63,2020-02-14
1037,283,Mainland China,3,2020-02-14 11:13:22,Hebei,87,2020-02-14
1038,67,Singapore,0,2020-02-14 12:43:02,Singapore,17,2020-02-14
1043,162,Mainland China,0,2020-02-14 12:53:02,Yunnan,36,2020-02-14
1042,1261,Mainland China,2,2020-02-14 12:53:02,Guangdong,362,2020-02-14
1041,230,Mainland China,0,2020-02-14 12:53:02,Shaanxi,54,2020-02-14
1040,1184,Mainland China,11,2020-02-14 12:53:02,Henan,357,2020-02-14
1039,934,Mainland China,6,2020-02-14 12:53:02,Anhui,193,2020-02-14
1044,419,Mainland China,11,2020-02-14 13:23:07,Heilongjiang,47,2020-02-14
1045,1155,Mainland China,0,2020-02-14 14:13:15,Zhejiang,403,2020-02-14
1046,226,Mainland China,2,2020-02-14 15:23:02,Guangxi,36,2020-02-14
1047,159,Mainland China,4,2020-02-14 15:23:02,Hainan,43,2020-02-14
1048,119,Mainland China,1,2020-02-14 15:23:02,Liaoning,29,2020-02-14
1049,127,Mainland China,0,2020-02-14 23:23:04,Shanxi,38,2020-02-14
1051,537,Mainland China,5,2020-02-14 23:33:02,Chongqing,152,2020-02-14
1050,54406,Mainland China,1457,2020-02-14 23:33:02,Hubei,4774,2020-02-14
1052,1,Egypt,0,2020-02-14 23:53:02,Egypt,0,2020-02-14
1053,913,Mainland China,1,2020-02-15 01:33:02,Jiangxi,210,2020-02-15
1054,326,Mainland China,1,2020-02-15 03:13:06,Shanghai,124,2020-02-15
1055,18,Taiwan,0,2020-02-15 03:43:02,Taiwan,2,2020-02-15
1056,8,United Arab Emirates,0,2020-02-15 06:03:03,United Arab Emirates,3,2020-02-15
1057,235,Mainland China,2,2020-02-15 06:33:01,Guangxi,44,2020-02-15
1058,168,Mainland China,0,2020-02-15 06:33:01,Yunnan,42,2020-02-15
1061,70,Mainland China,0,2020-02-15 08:43:03,Ningxia,33,2020-02-15
1059,470,Mainland China,1,2020-02-15 08:43:03,Sichuan,119,2020-02-15
1060,18,Mainland China,0,2020-02-15 08:43:03,Qinghai,13,2020-02-15
1062,119,Mainland China,1,2020-02-15 09:53:01,Liaoning,31,2020-02-15
1063,70,Mainland China,1,2020-02-15 09:53:01,Xinjiang,10,2020-02-15
1064,375,Mainland China,4,2020-02-15 09:53:01,Beijing,98,2020-02-15
1065,162,Mainland China,4,2020-02-15 11:23:17,Hainan,39,2020-02-15
1066,1162,Mainland China,0,2020-02-15 11:23:17,Zhejiang,428,2020-02-15
1067,532,Mainland China,2,2020-02-15 11:23:17,Shandong,156,2020-02-15
1068,425,Mainland China,11,2020-02-15 11:43:01,Heilongjiang,68,2020-02-15
1069,232,Mainland China,0,2020-02-15 12:13:08,Shaanxi,60,2020-02-15
1070,604,Mainland China,0,2020-02-15 12:13:08,Jiangsu,186,2020-02-15
1071,950,Mainland China,6,2020-02-15 12:13:08,Anhui,221,2020-02-15
1072,90,Mainland China,2,2020-02-15 12:13:08,Gansu,49,2020-02-15
1073,1212,Mainland China,13,2020-02-15 12:13:08,Henan,391,2020-02-15
1074,88,Mainland China,1,2020-02-15 12:13:08,Jilin,26,2020-02-15
1077,1001,Mainland China,2,2020-02-15 13:03:04,Hunan,425,2020-02-15
1076,285,Mainland China,0,2020-02-15 13:03:04,Fujian,71,2020-02-15
1075,291,Mainland China,3,2020-02-15 13:03:04,Hebei,101,2020-02-15
1078,122,Mainland China,3,2020-02-15 13:43:01,Tianjin,37,2020-02-15
1079,68,Mainland China,0,2020-02-15 14:03:04,Inner Mongolia,7,2020-02-15
1080,1294,Mainland China,2,2020-02-15 14:03:04,Guangdong,410,2020-02-15
1081,143,Mainland China,1,2020-02-15 14:53:04,Guizhou,41,2020-02-15
1082,285,Others,0,2020-02-15 17:03:04,Diamond Princess cruise ship,0,2020-02-15
1083,2,Spain,0,2020-02-15 17:23:04,Spain,2,2020-02-15
1084,43,Japan,1,2020-02-15 17:43:06,Japan,12,2020-02-15
1085,12,France,1,2020-02-15 20:53:02,France,4,2020-02-15
1086,56249,Mainland China,1596,2020-02-15 23:13:05,Hubei,5623,2020-02-15
1087,128,Mainland China,0,2020-02-15 23:13:05,Shanxi,46,2020-02-15
1088,544,Mainland China,5,2020-02-15 23:23:07,Chongqing,184,2020-02-15
1089,28,South Korea,0,2020-02-15 23:33:02,South Korea,9,2020-02-15
1090,22,Malaysia,0,2020-02-15 23:43:02,Malaysia,7,2020-02-15
1091,72,Singapore,0,2020-02-15 23:53:02,Singapore,18,2020-02-15
1092,29,South Korea,0,2020-02-16 01:33:02,South Korea,9,2020-02-16
1093,328,Mainland China,1,2020-02-16 02:53:02,Shanghai,140,2020-02-16
1094,355,Others,0,2020-02-16 03:43:02,Diamond Princess cruise ship,0,2020-02-16
1095,3,India,0,2020-02-16 07:43:02,India,3,2020-02-16
1096,70,Mainland China,0,2020-02-16 08:33:02,Inner Mongolia,8,2020-02-16
1097,71,Mainland China,1,2020-02-16 08:33:02,Xinjiang,12,2020-02-16
1098,962,Mainland China,6,2020-02-16 08:33:02,Anhui,255,2020-02-16
1099,144,Mainland China,1,2020-02-16 09:13:09,Guizhou,46,2020-02-16
1100,1167,Mainland China,0,2020-02-16 09:33:02,Zhejiang,456,2020-02-16
1101,617,Mainland China,0,2020-02-16 09:33:02,Jiangsu,218,2020-02-16
1102,57,Hong Kong,1,2020-02-16 09:53:01,Hong Kong,2,2020-02-16
1103,171,Mainland China,0,2020-02-16 09:53:01,Yunnan,42,2020-02-16
1104,89,Mainland China,1,2020-02-16 10:03:06,Jilin,30,2020-02-16
1105,481,Mainland China,3,2020-02-16 10:03:06,Sichuan,131,2020-02-16
1106,380,Mainland China,4,2020-02-16 10:03:06,Beijing,108,2020-02-16
1107,925,Mainland China,1,2020-02-16 10:03:06,Jiangxi,240,2020-02-16
1108,20,Taiwan,1,2020-02-16 11:23:06,Taiwan,2,2020-02-16
1116,10,Macau,0,2020-02-16 12:03:06,Macau,5,2020-02-16
1115,237,Mainland China,2,2020-02-16 12:03:06,Guangxi,49,2020-02-16
1114,300,Mainland China,3,2020-02-16 12:03:06,Hebei,105,2020-02-16
1113,162,Mainland China,4,2020-02-16 12:03:06,Hainan,52,2020-02-16
1111,537,Mainland China,2,2020-02-16 12:03:06,Shandong,173,2020-02-16
1110,121,Mainland China,1,2020-02-16 12:03:06,Liaoning,40,2020-02-16
1109,287,Mainland China,0,2020-02-16 12:03:06,Fujian,82,2020-02-16
1112,1316,Mainland China,2,2020-02-16 12:03:06,Guangdong,465,2020-02-16
1117,124,Mainland China,3,2020-02-16 12:23:02,Tianjin,45,2020-02-16
1118,1004,Mainland China,3,2020-02-16 13:13:04,Hunan,464,2020-02-16
1121,90,Mainland China,2,2020-02-16 13:53:03,Gansu,54,2020-02-16
1119,445,Mainland China,11,2020-02-16 13:53:03,Heilongjiang,79,2020-02-16
1120,1231,Mainland China,13,2020-02-16 13:53:03,Henan,440,2020-02-16
1122,236,Mainland China,0,2020-02-16 13:53:03,Shaanxi,71,2020-02-16
1123,9,UK,0,2020-02-16 16:23:06,UK,8,2020-02-16
1124,75,Singapore,0,2020-02-16 16:23:06,Singapore,18,2020-02-16
1125,59,Japan,1,2020-02-16 17:43:03,Japan,12,2020-02-16
1126,34,Thailand,0,2020-02-16 18:03:02,Thailand,14,2020-02-16
1127,9,United Arab Emirates,0,2020-02-16 20:43:02,United Arab Emirates,4,2020-02-16
1129,129,Mainland China,0,2020-02-16 23:53:01,Shanxi,50,2020-02-16
1128,58182,Mainland China,1696,2020-02-16 23:53:01,Hubei,6639,2020-02-16
1130,551,Mainland China,5,2020-02-16 23:53:01,Chongqing,207,2020-02-16
1131,381,Mainland China,4,2020-02-17 01:23:02,Beijing,114,2020-02-17
1132,930,Mainland China,1,2020-02-17 01:33:02,Jiangxi,275,2020-02-17
1133,75,Mainland China,1,2020-02-17 01:53:01,Xinjiang,12,2020-02-17
1134,72,Mainland China,0,2020-02-17 02:03:06,Inner Mongolia,8,2020-02-17
1135,1,Belgium,0,2020-02-17 04:23:06,Belgium,1,2020-02-17
1136,35,Thailand,0,2020-02-17 07:33:02,Thailand,15,2020-02-17
1137,457,Mainland China,11,2020-02-17 08:03:06,Heilongjiang,85,2020-02-17
1138,5,Canada,0,2020-02-17 08:03:07,British Columbia,0,2020-02-17
1139,2,Australia,0,2020-02-17 08:13:09,South Australia,2,2020-02-17
1140,973,Mainland China,6,2020-02-17 09:13:07,Anhui,280,2020-02-17
1141,626,Mainland China,0,2020-02-17 10:23:04,Jiangsu,258,2020-02-17
1142,171,Mainland China,0,2020-02-17 10:23:04,Yunnan,47,2020-02-17
1143,238,Mainland China,2,2020-02-17 10:23:04,Guangxi,53,2020-02-17
1144,290,Mainland China,0,2020-02-17 10:23:04,Fujian,90,2020-02-17
1145,163,Mainland China,4,2020-02-17 11:03:06,Hainan,59,2020-02-17
1146,89,Mainland China,1,2020-02-17 11:03:06,Jilin,34,2020-02-17
1147,70,Mainland China,0,2020-02-17 11:03:06,Ningxia,35,2020-02-17
1148,541,Mainland China,2,2020-02-17 11:03:06,Shandong,191,2020-02-17
1150,146,Mainland China,1,2020-02-17 11:13:16,Guizhou,57,2020-02-17
1149,121,Mainland China,1,2020-02-17 11:13:16,Liaoning,43,2020-02-17
1151,1171,Mainland China,0,2020-02-17 11:23:06,Zhejiang,507,2020-02-17
1152,240,Mainland China,0,2020-02-17 11:43:01,Shaanxi,79,2020-02-17
1153,1006,Mainland China,3,2020-02-17 11:43:01,Hunan,498,2020-02-17
1154,125,Mainland China,3,2020-02-17 12:43:02,Tianjin,46,2020-02-17
1155,1322,Mainland China,4,2020-02-17 12:43:02,Guangdong,524,2020-02-17
1156,301,Mainland China,3,2020-02-17 13:03:06,Hebei,122,2020-02-17
1157,495,Mainland China,3,2020-02-17 13:13:09,Sichuan,156,2020-02-17
1160,66,Japan,1,2020-02-17 14:33:04,Japan,12,2020-02-17
1159,77,Singapore,0,2020-02-17 14:33:04,Singapore,24,2020-02-17
1158,454,Others,0,2020-02-17 14:33:04,Diamond Princess cruise ship,0,2020-02-17
1161,91,Mainland China,2,2020-02-17 14:53:02,Gansu,58,2020-02-17
1162,1246,Mainland China,16,2020-02-17 14:53:02,Henan,509,2020-02-17
1163,22,Taiwan,1,2020-02-17 15:43:02,Taiwan,2,2020-02-17
1164,60,Hong Kong,1,2020-02-17 22:53:01,Hong Kong,2,2020-02-17
1165,130,Mainland China,0,2020-02-17 22:53:01,Shanxi,53,2020-02-17
1166,59989,Mainland China,1789,2020-02-17 23:13:06,Hubei,7862,2020-02-17
1167,553,Mainland China,5,2020-02-17 23:13:06,Chongqing,225,2020-02-17
1168,30,South Korea,0,2020-02-17 23:43:01,South Korea,10,2020-02-17
1169,333,Mainland China,1,2020-02-17 23:53:02,Shanghai,161,2020-02-17
