Date,State,Confirmed,Deaths,Recovered
03/10/2020,Alaska,0.0,0.0,0.0
03/10/2020,Arizona,6.0,0.0,1.0
03/10/2020,Arkansas,0.0,0.0,0.0
03/10/2020,California,144.0,2.0,2.0
03/10/2020,Colorado,15.0,0.0,0.0
03/10/2020,Connecticut,2.0,0.0,0.0
03/10/2020,Delaware,0.0,0.0,0.0
03/10/2020,Florida,15.0,2.0,0.0
03/10/2020,Georgia,17.0,0.0,0.0
03/10/2020,Hawaii,2.0,0.0,0.0
03/10/2020,Idaho,0.0,0.0,0.0
03/10/2020,Illinois,12.0,0.0,2.0
03/10/2020,Indiana,6.0,0.0,0.0
03/10/2020,Iowa,8.0,0.0,0.0
03/10/2020,Kansas,1.0,0.0,0.0
03/10/2020,Kentucky,6.0,0.0,0.0
03/10/2020,Louisiana,1.0,0.0,0.0
03/10/2020,Maine,0.0,0.0,0.0
03/10/2020,Maryland,8.0,0.0,0.0
03/10/2020,Massachusetts,92.0,0.0,1.0
03/10/2020,Michigan,0.0,0.0,0.0
03/10/2020,Minnesota,3.0,0.0,0.0
03/10/2020,Mississippi,0.0,0.0,0.0
03/10/2020,Missouri,1.0,0.0,0.0
03/10/2020,Montana,0.0,0.0,0.0
03/10/2020,Nebraska,3.0,0.0,0.0
03/10/2020,Nevada,4.0,0.0,0.0
03/10/2020,New Hampshire,4.0,0.0,0.0
03/10/2020,New Jersey,15.0,1.0,0.0
03/10/2020,New Mexico,0.0,0.0,0.0
03/10/2020,New York,173.0,0.0,0.0
03/10/2020,North Carolina,7.0,0.0,0.0
03/10/2020,North Dakota,0.0,0.0,0.0
03/10/2020,Ohio,3.0,0.0,0.0
03/10/2020,Oklahoma,2.0,0.0,0.0
03/10/2020,Oregon,15.0,0.0,0.0
03/10/2020,Pennsylvania,12.0,0.0,0.0
03/10/2020,Rhode Island,3.0,0.0,0.0
03/10/2020,South Carolina,7.0,0.0,0.0
03/10/2020,South Dakota,0.0,0.0,0.0
03/10/2020,Tennessee,7.0,0.0,0.0
03/10/2020,Texas,13.0,0.0,0.0
03/10/2020,Utah,2.0,0.0,0.0
03/10/2020,Vermont,1.0,0.0,0.0
03/10/2020,Virginia,7.0,0.0,0.0
03/10/2020,Washington,267.0,23.0,1.0
03/10/2020,West Virginia,0.0,0.0,0.0
03/10/2020,Wisconsin,3.0,0.0,1.0
03/10/2020,Wyoming,0.0,0.0,0.0
03/11/2020,Alaska,0.0,0.0,0.0
03/11/2020,Arizona,9.0,0.0,1.0
03/11/2020,Arkansas,1.0,0.0,0.0
03/11/2020,California,177.0,3.0,2.0
03/11/2020,Colorado,34.0,0.0,0.0
03/11/2020,Connecticut,3.0,0.0,0.0
03/11/2020,Delaware,1.0,0.0,0.0
03/11/2020,Florida,28.0,2.0,0.0
03/11/2020,Georgia,23.0,0.0,0.0
03/11/2020,Hawaii,2.0,0.0,0.0
03/11/2020,Idaho,0.0,0.0,0.0
03/11/2020,Illinois,25.0,0.0,2.0
03/11/2020,Indiana,11.0,0.0,0.0
03/11/2020,Iowa,13.0,0.0,0.0
03/11/2020,Kansas,1.0,0.0,0.0
03/11/2020,Kentucky,8.0,0.0,0.0
03/11/2020,Louisiana,6.0,0.0,0.0
03/11/2020,Maine,0.0,0.0,0.0
03/11/2020,Maryland,9.0,0.0,0.0
03/11/2020,Massachusetts,95.0,0.0,1.0
03/11/2020,Michigan,2.0,0.0,0.0
03/11/2020,Minnesota,5.0,0.0,0.0
03/11/2020,Mississippi,0.0,0.0,0.0
03/11/2020,Missouri,1.0,0.0,0.0
03/11/2020,Montana,1.0,0.0,0.0
03/11/2020,Nebraska,5.0,0.0,0.0
03/11/2020,Nevada,7.0,0.0,0.0
03/11/2020,New Hampshire,5.0,0.0,0.0
03/11/2020,New Jersey,23.0,1.0,0.0
03/11/2020,New Mexico,3.0,0.0,0.0
03/11/2020,New York,220.0,0.0,0.0
03/11/2020,North Carolina,7.0,0.0,0.0
03/11/2020,North Dakota,0.0,0.0,0.0
03/11/2020,Ohio,4.0,0.0,0.0
03/11/2020,Oklahoma,2.0,0.0,0.0
03/11/2020,Oregon,19.0,0.0,0.0
03/11/2020,Pennsylvania,16.0,0.0,0.0
03/11/2020,Rhode Island,5.0,0.0,0.0
03/11/2020,South Carolina,10.0,0.0,0.0
03/11/2020,South Dakota,8.0,1.0,0.0
03/11/2020,Tennessee,9.0,0.0,0.0
03/11/2020,Texas,21.0,0.0,0.0
03/11/2020,Utah,3.0,0.0,0.0
03/11/2020,Vermont,1.0,0.0,0.0
03/11/2020,Virginia,9.0,0.0,0.0
03/11/2020,Washington,366.0,29.0,1.0
03/11/2020,West Virginia,0.0,0.0,0.0
03/11/2020,Wisconsin,6.0,0.0,1.0
03/11/2020,Wyoming,0.0,0.0,0.0
03/12/2020,Alaska,0.0,0.0,0.0
03/12/2020,Arizona,9.0,0.0,1.0
03/12/2020,Arkansas,6.0,0.0,0.0
03/12/2020,California,221.0,4.0,6.0
03/12/2020,Colorado,45.0,0.0,0.0
03/12/2020,Connecticut,5.0,0.0,0.0
03/12/2020,Delaware,1.0,0.0,0.0
03/12/2020,Florida,35.0,2.0,0.0
03/12/2020,Georgia,31.0,1.0,0.0
03/12/2020,Hawaii,2.0,0.0,0.0
03/12/2020,Idaho,0.0,0.0,0.0
03/12/2020,Illinois,32.0,0.0,2.0
03/12/2020,Indiana,13.0,0.0,0.0
03/12/2020,Iowa,16.0,0.0,0.0
03/12/2020,Kansas,1.0,0.0,0.0
03/12/2020,Kentucky,10.0,0.0,0.0
03/12/2020,Louisiana,19.0,0.0,0.0
03/12/2020,Maine,0.0,0.0,0.0
03/12/2020,Maryland,12.0,0.0,0.0
03/12/2020,Massachusetts,108.0,0.0,1.0
03/12/2020,Michigan,2.0,0.0,0.0
03/12/2020,Minnesota,9.0,0.0,0.0
03/12/2020,Mississippi,1.0,0.0,0.0
03/12/2020,Missouri,1.0,0.0,0.0
03/12/2020,Montana,1.0,0.0,0.0
03/12/2020,Nebraska,10.0,0.0,0.0
03/12/2020,Nevada,14.0,0.0,0.0
03/12/2020,New Hampshire,6.0,0.0,0.0
03/12/2020,New Jersey,29.0,1.0,0.0
03/12/2020,New Mexico,5.0,0.0,0.0
03/12/2020,New York,328.0,0.0,0.0
03/12/2020,North Carolina,15.0,0.0,0.0
03/12/2020,North Dakota,1.0,0.0,0.0
03/12/2020,Ohio,5.0,0.0,0.0
03/12/2020,Oklahoma,2.0,0.0,0.0
03/12/2020,Oregon,24.0,0.0,0.0
03/12/2020,Pennsylvania,22.0,0.0,0.0
03/12/2020,Rhode Island,5.0,0.0,0.0
03/12/2020,South Carolina,12.0,0.0,0.0
03/12/2020,South Dakota,8.0,1.0,0.0
03/12/2020,Tennessee,18.0,0.0,0.0
03/12/2020,Texas,27.0,0.0,0.0
03/12/2020,Utah,5.0,0.0,0.0
03/12/2020,Vermont,2.0,0.0,0.0
03/12/2020,Virginia,17.0,0.0,0.0
03/12/2020,Washington,442.0,31.0,1.0
03/12/2020,West Virginia,0.0,0.0,0.0
03/12/2020,Wisconsin,8.0,0.0,1.0
03/12/2020,Wyoming,1.0,0.0,0.0
03/13/2020,Alabama,5.0,0.0,0.0
03/13/2020,Alaska,1.0,0.0,0.0
03/13/2020,Arizona,9.0,0.0,1.0
03/13/2020,Arkansas,6.0,0.0,0.0
03/13/2020,California,282.0,4.0,6.0
03/13/2020,Colorado,49.0,0.0,0.0
03/13/2020,Connecticut,11.0,0.0,0.0
03/13/2020,Delaware,4.0,0.0,0.0
03/13/2020,Florida,50.0,2.0,0.0
03/13/2020,Georgia,42.0,1.0,0.0
03/13/2020,Hawaii,2.0,0.0,0.0
03/13/2020,Idaho,1.0,0.0,0.0
03/13/2020,Illinois,46.0,0.0,2.0
03/13/2020,Indiana,13.0,0.0,0.0
03/13/2020,Iowa,17.0,0.0,0.0
03/13/2020,Kansas,5.0,1.0,0.0
03/13/2020,Kentucky,14.0,0.0,0.0
03/13/2020,Louisiana,36.0,0.0,0.0
03/13/2020,Maine,1.0,0.0,0.0
03/13/2020,Maryland,18.0,0.0,0.0
03/13/2020,Massachusetts,123.0,0.0,1.0
03/13/2020,Michigan,16.0,0.0,0.0
03/13/2020,Minnesota,14.0,0.0,0.0
03/13/2020,Mississippi,1.0,0.0,0.0
03/13/2020,Missouri,2.0,0.0,0.0
03/13/2020,Montana,1.0,0.0,0.0
03/13/2020,Nebraska,13.0,0.0,0.0
03/13/2020,Nevada,17.0,0.0,0.0
03/13/2020,New Hampshire,6.0,0.0,0.0
03/13/2020,New Jersey,29.0,1.0,0.0
03/13/2020,New Mexico,10.0,0.0,0.0
03/13/2020,New York,421.0,0.0,0.0
03/13/2020,North Carolina,17.0,0.0,0.0
03/13/2020,North Dakota,1.0,0.0,0.0
03/13/2020,Ohio,13.0,0.0,0.0
03/13/2020,Oklahoma,2.0,0.0,0.0
03/13/2020,Oregon,30.0,0.0,0.0
03/13/2020,Pennsylvania,41.0,0.0,0.0
03/13/2020,Rhode Island,14.0,0.0,0.0
03/13/2020,South Carolina,13.0,0.0,0.0
03/13/2020,South Dakota,8.0,1.0,0.0
03/13/2020,Tennessee,26.0,0.0,0.0
03/13/2020,Texas,43.0,0.0,0.0
03/13/2020,Utah,9.0,0.0,0.0
03/13/2020,Vermont,2.0,0.0,0.0
03/13/2020,Virginia,30.0,0.0,0.0
03/13/2020,Washington,568.0,37.0,1.0
03/13/2020,West Virginia,0.0,0.0,0.0
03/13/2020,Wisconsin,19.0,0.0,1.0
03/13/2020,Wyoming,1.0,0.0,0.0
03/14/2020,Alabama,6.0,0.0,0.0
03/14/2020,Arizona,12.0,0.0,1.0
03/14/2020,Arkansas,12.0,0.0,0.0
03/14/2020,California,340.0,5.0,6.0
03/14/2020,Colorado,101.0,1.0,0.0
03/14/2020,Connecticut,22.0,0.0,0.0
03/14/2020,Delaware,6.0,0.0,0.0
03/14/2020,Florida,76.0,3.0,0.0
03/14/2020,Georgia,66.0,1.0,0.0
03/14/2020,Hawaii,4.0,0.0,0.0
03/14/2020,Idaho,2.0,0.0,0.0
03/14/2020,Illinois,64.0,0.0,2.0
03/14/2020,Indiana,16.0,0.0,0.0
03/14/2020,Iowa,17.0,0.0,0.0
03/14/2020,Kansas,8.0,1.0,0.0
03/14/2020,Kentucky,14.0,0.0,0.0
03/14/2020,Louisiana,77.0,1.0,0.0
03/14/2020,Maine,3.0,0.0,0.0
03/14/2020,Maryland,26.0,0.0,0.0
03/14/2020,Massachusetts,138.0,0.0,1.0
03/14/2020,Michigan,25.0,0.0,0.0
03/14/2020,Minnesota,21.0,0.0,0.0
03/14/2020,Mississippi,6.0,0.0,0.0
03/14/2020,Missouri,4.0,0.0,0.0
03/14/2020,Montana,5.0,0.0,0.0
03/14/2020,Nebraska,14.0,0.0,0.0
03/14/2020,Nevada,21.0,0.0,0.0
03/14/2020,New Hampshire,7.0,0.0,0.0
03/14/2020,New Jersey,69.0,1.0,0.0
03/14/2020,New Mexico,10.0,0.0,0.0
03/14/2020,New York,525.0,2.0,0.0
03/14/2020,North Carolina,24.0,0.0,0.0
03/14/2020,North Dakota,1.0,0.0,0.0
03/14/2020,Ohio,26.0,0.0,0.0
03/14/2020,Oklahoma,4.0,0.0,0.0
03/14/2020,Oregon,32.0,0.0,0.0
03/14/2020,Pennsylvania,47.0,0.0,0.0
03/14/2020,Rhode Island,20.0,0.0,0.0
03/14/2020,South Carolina,19.0,0.0,0.0
03/14/2020,South Dakota,9.0,1.0,0.0
03/14/2020,Tennessee,32.0,0.0,0.0
03/14/2020,Texas,57.0,0.0,0.0
03/14/2020,Utah,10.0,0.0,0.0
03/14/2020,Vermont,5.0,0.0,0.0
03/14/2020,Virginia,41.0,1.0,0.0
03/14/2020,Washington,572.0,37.0,1.0
03/14/2020,West Virginia,0.0,0.0,0.0
03/14/2020,Wisconsin,27.0,0.0,1.0
03/14/2020,Wyoming,2.0,0.0,0.0
03/15/2020,Alabama,12.0,0.0,0.0
03/15/2020,Alaska,1.0,0.0,0.0
03/15/2020,Arizona,13.0,0.0,1.0
03/15/2020,Arkansas,16.0,0.0,0.0
03/15/2020,California,426.0,6.0,6.0
03/15/2020,Colorado,131.0,1.0,0.0
03/15/2020,Connecticut,24.0,0.0,0.0
03/15/2020,Delaware,7.0,0.0,0.0
03/15/2020,Florida,115.0,4.0,0.0
03/15/2020,Georgia,99.0,1.0,0.0
03/15/2020,Hawaii,6.0,0.0,0.0
03/15/2020,Idaho,5.0,0.0,0.0
03/15/2020,Illinois,93.0,0.0,2.0
03/15/2020,Indiana,20.0,0.0,0.0
03/15/2020,Iowa,18.0,0.0,0.0
03/15/2020,Kansas,8.0,1.0,0.0
03/15/2020,Kentucky,20.0,0.0,0.0
03/15/2020,Louisiana,91.0,2.0,0.0
03/15/2020,Maine,12.0,0.0,0.0
03/15/2020,Maryland,32.0,0.0,0.0
03/15/2020,Massachusetts,164.0,0.0,1.0
03/15/2020,Michigan,33.0,0.0,0.0
03/15/2020,Minnesota,35.0,0.0,0.0
03/15/2020,Mississippi,10.0,0.0,0.0
03/15/2020,Missouri,5.0,0.0,0.0
03/15/2020,Montana,7.0,0.0,0.0
03/15/2020,Nebraska,17.0,0.0,0.0
03/15/2020,Nevada,24.0,0.0,0.0
03/15/2020,New Hampshire,13.0,0.0,0.0
03/15/2020,New Jersey,98.0,2.0,0.0
03/15/2020,New Mexico,13.0,0.0,0.0
03/15/2020,New York,732.0,3.0,0.0
03/15/2020,North Carolina,33.0,0.0,0.0
03/15/2020,North Dakota,1.0,0.0,0.0
03/15/2020,Ohio,37.0,0.0,0.0
03/15/2020,Oklahoma,7.0,0.0,0.0
03/15/2020,Oregon,36.0,1.0,0.0
03/15/2020,Pennsylvania,66.0,0.0,0.0
03/15/2020,Rhode Island,20.0,0.0,0.0
03/15/2020,South Carolina,28.0,0.0,0.0
03/15/2020,South Dakota,9.0,1.0,0.0
03/15/2020,Tennessee,39.0,0.0,0.0
03/15/2020,Texas,72.0,0.0,0.0
03/15/2020,Utah,28.0,0.0,0.0
03/15/2020,Vermont,8.0,0.0,0.0
03/15/2020,Virginia,45.0,1.0,0.0
03/15/2020,Washington,643.0,40.0,1.0
03/15/2020,West Virginia,0.0,0.0,0.0
03/15/2020,Wisconsin,32.0,0.0,1.0
03/15/2020,Wyoming,3.0,0.0,0.0
03/16/2020,Alabama,29.0,0.0,0.0
03/16/2020,Alaska,1.0,0.0,0.0
03/16/2020,Arizona,18.0,0.0,1.0
03/16/2020,Arkansas,22.0,0.0,0.0
03/16/2020,California,557.0,7.0,6.0
03/16/2020,Colorado,160.0,1.0,0.0
03/16/2020,Connecticut,30.0,0.0,0.0
03/16/2020,Delaware,8.0,0.0,0.0
03/16/2020,Florida,155.0,5.0,0.0
03/16/2020,Georgia,121.0,1.0,0.0
03/16/2020,Hawaii,7.0,0.0,0.0
03/16/2020,Idaho,5.0,0.0,0.0
03/16/2020,Illinois,105.0,0.0,2.0
03/16/2020,Indiana,25.0,1.0,0.0
03/16/2020,Iowa,23.0,0.0,0.0
03/16/2020,Kansas,11.0,1.0,0.0
03/16/2020,Kentucky,21.0,1.0,1.0
03/16/2020,Louisiana,136.0,3.0,0.0
03/16/2020,Maine,17.0,0.0,0.0
03/16/2020,Maryland,41.0,0.0,3.0
03/16/2020,Massachusetts,197.0,0.0,1.0
03/16/2020,Michigan,53.0,0.0,0.0
03/16/2020,Minnesota,54.0,0.0,0.0
03/16/2020,Mississippi,13.0,0.0,0.0
03/16/2020,Missouri,6.0,0.0,0.0
03/16/2020,Montana,7.0,0.0,0.0
03/16/2020,Nebraska,18.0,0.0,0.0
03/16/2020,Nevada,45.0,1.0,0.0
03/16/2020,New Hampshire,17.0,0.0,0.0
03/16/2020,New Jersey,178.0,2.0,1.0
03/16/2020,New Mexico,17.0,0.0,0.0
03/16/2020,New York,967.0,10.0,0.0
03/16/2020,North Carolina,38.0,0.0,0.0
03/16/2020,North Dakota,1.0,0.0,0.0
03/16/2020,Ohio,50.0,0.0,0.0
03/16/2020,Oklahoma,10.0,0.0,0.0
03/16/2020,Oregon,39.0,1.0,0.0
03/16/2020,Pennsylvania,77.0,0.0,0.0
03/16/2020,Rhode Island,21.0,0.0,0.0
03/16/2020,South Carolina,33.0,1.0,0.0
03/16/2020,South Dakota,10.0,1.0,0.0
03/16/2020,Tennessee,52.0,0.0,0.0
03/16/2020,Texas,85.0,0.0,0.0
03/16/2020,Utah,39.0,0.0,0.0
03/16/2020,Vermont,12.0,0.0,0.0
03/16/2020,Virginia,49.0,1.0,0.0
03/16/2020,Washington,904.0,48.0,1.0
03/16/2020,West Virginia,0.0,0.0,0.0
03/16/2020,Wisconsin,47.0,0.0,1.0
03/16/2020,Wyoming,3.0,0.0,0.0
03/18/2020,Alabama,46.0,0.0,0.0
03/18/2020,Alaska,6.0,0.0,0.0
03/18/2020,Arizona,27.0,0.0,1.0
03/18/2020,Arkansas,33.0,0.0,0.0
03/18/2020,California,751.0,13.0,6.0
03/18/2020,Colorado,184.0,2.0,0.0
03/18/2020,Connecticut,68.0,0.0,0.0
03/18/2020,Delaware,19.0,0.0,0.0
03/18/2020,Florida,314.0,7.0,0.0
03/18/2020,Georgia,199.0,3.0,0.0
03/18/2020,Hawaii,14.0,0.0,0.0
03/18/2020,Idaho,9.0,0.0,0.0
03/18/2020,Illinois,162.0,1.0,2.0
03/18/2020,Indiana,39.0,2.0,0.0
03/18/2020,Iowa,29.0,0.0,0.0
03/18/2020,Kansas,18.0,1.0,0.0
03/18/2020,Kentucky,27.0,1.0,1.0
03/18/2020,Louisiana,257.0,4.0,0.0
03/18/2020,Maine,42.0,0.0,0.0
03/18/2020,Maryland,85.0,0.0,3.0
03/18/2020,Massachusetts,218.0,0.0,1.0
03/18/2020,Michigan,83.0,0.0,0.0
03/18/2020,Minnesota,77.0,0.0,0.0
03/18/2020,Mississippi,34.0,0.0,0.0
03/18/2020,Missouri,18.0,0.0,0.0
03/18/2020,Montana,11.0,0.0,0.0
03/18/2020,Nebraska,24.0,0.0,0.0
03/18/2020,Nevada,56.0,1.0,0.0
03/18/2020,New Hampshire,26.0,0.0,0.0
03/18/2020,New Jersey,267.0,3.0,1.0
03/18/2020,New Mexico,23.0,0.0,0.0
03/18/2020,New York,2495.0,16.0,0.0
03/18/2020,North Carolina,70.0,0.0,0.0
03/18/2020,North Dakota,6.0,0.0,0.0
03/18/2020,Ohio,86.0,0.0,0.0
03/18/2020,Oklahoma,19.0,0.0,0.0
03/18/2020,Oregon,68.0,2.0,0.0
03/18/2020,Pennsylvania,152.0,0.0,0.0
03/18/2020,Rhode Island,33.0,0.0,0.0
03/18/2020,South Carolina,47.0,1.0,0.0
03/18/2020,South Dakota,11.0,1.0,0.0
03/18/2020,Tennessee,79.0,0.0,0.0
03/18/2020,Texas,173.0,3.0,0.0
03/18/2020,Utah,51.0,0.0,0.0
03/18/2020,Vermont,18.0,0.0,0.0
03/18/2020,Virginia,77.0,2.0,0.0
03/18/2020,Washington,1076.0,55.0,1.0
03/18/2020,West Virginia,1.0,0.0,0.0
03/18/2020,Wisconsin,92.0,0.0,1.0
03/18/2020,Wyoming,15.0,0.0,0.0
03/19/2020,Alabama,78.0,0.0,0.0
03/19/2020,Alaska,9.0,0.0,0.0
03/19/2020,Arizona,45.0,0.0,1.0
03/19/2020,Arkansas,62.0,0.0,0.0
03/19/2020,California,952.0,18.0,6.0
03/19/2020,Colorado,277.0,4.0,0.0
03/19/2020,Connecticut,159.0,2.0,0.0
03/19/2020,Delaware,30.0,0.0,0.0
03/19/2020,Florida,417.0,9.0,0.0
03/19/2020,Georgia,287.0,10.0,0.0
03/19/2020,Hawaii,16.0,0.0,0.0
03/19/2020,Idaho,11.0,0.0,0.0
03/19/2020,Illinois,422.0,4.0,2.0
03/19/2020,Indiana,60.0,2.0,0.0
03/19/2020,Iowa,44.0,0.0,0.0
03/19/2020,Kansas,34.0,1.0,0.0
03/19/2020,Kentucky,37.0,2.0,1.0
03/19/2020,Louisiana,392.0,10.0,0.0
03/19/2020,Maine,52.0,0.0,0.0
03/19/2020,Maryland,107.0,1.0,3.0
03/19/2020,Massachusetts,328.0,0.0,1.0
03/19/2020,Michigan,334.0,3.0,0.0
03/19/2020,Minnesota,89.0,0.0,0.0
03/19/2020,Mississippi,50.0,1.0,0.0
03/19/2020,Missouri,31.0,1.0,0.0
03/19/2020,Montana,11.0,0.0,0.0
03/19/2020,Nebraska,29.0,0.0,0.0
03/19/2020,Nevada,95.0,1.0,0.0
03/19/2020,New Hampshire,44.0,0.0,0.0
03/19/2020,New Jersey,742.0,9.0,1.0
03/19/2020,New Mexico,35.0,0.0,0.0
03/19/2020,New York,5365.0,34.0,0.0
03/19/2020,North Carolina,123.0,0.0,0.0
03/19/2020,North Dakota,18.0,0.0,0.0
03/19/2020,Ohio,119.0,0.0,0.0
03/19/2020,Oklahoma,44.0,1.0,0.0
03/19/2020,Oregon,88.0,3.0,0.0
03/19/2020,Pennsylvania,206.0,1.0,0.0
03/19/2020,Rhode Island,44.0,0.0,0.0
03/19/2020,South Carolina,81.0,1.0,0.0
03/19/2020,South Dakota,11.0,1.0,0.0
03/19/2020,Tennessee,154.0,0.0,0.0
03/19/2020,Texas,260.0,5.0,0.0
03/19/2020,Utah,80.0,0.0,0.0
03/19/2020,Vermont,22.0,0.0,0.0
03/19/2020,Virginia,99.0,2.0,0.0
03/19/2020,Washington,1376.0,74.0,1.0
03/19/2020,West Virginia,2.0,0.0,0.0
03/19/2020,Wisconsin,159.0,0.0,1.0
03/19/2020,Wyoming,18.0,0.0,0.0
03/20/2020,Alabama,83.0,0.0,0.0
03/20/2020,Alaska,12.0,0.0,0.0
03/20/2020,Arizona,78.0,0.0,1.0
03/20/2020,Arkansas,96.0,0.0,0.0
03/20/2020,California,1177.0,23.0,6.0
03/20/2020,Colorado,363.0,4.0,0.0
03/20/2020,Connecticut,194.0,3.0,0.0
03/20/2020,Delaware,38.0,0.0,0.0
03/20/2020,Florida,563.0,10.0,0.0
03/20/2020,Georgia,420.0,13.0,0.0
03/20/2020,Hawaii,26.0,0.0,0.0
03/20/2020,Idaho,23.0,0.0,0.0
03/20/2020,Illinois,585.0,5.0,2.0
03/20/2020,Indiana,86.0,2.0,0.0
03/20/2020,Iowa,45.0,0.0,0.0
03/20/2020,Kansas,44.0,1.0,0.0
03/20/2020,Kentucky,47.0,2.0,1.0
03/20/2020,Louisiana,538.0,14.0,0.0
03/20/2020,Maine,56.0,0.0,0.0
03/20/2020,Maryland,149.0,1.0,3.0
03/20/2020,Massachusetts,413.0,1.0,1.0
03/20/2020,Michigan,552.0,3.0,0.0
03/20/2020,Minnesota,115.0,0.0,0.0
03/20/2020,Mississippi,80.0,1.0,0.0
03/20/2020,Missouri,53.0,2.0,0.0
03/20/2020,Montana,15.0,0.0,0.0
03/20/2020,Nebraska,37.0,0.0,0.0
03/20/2020,Nevada,114.0,1.0,0.0
03/20/2020,New Hampshire,44.0,0.0,0.0
03/20/2020,New Jersey,890.0,11.0,1.0
03/20/2020,New Mexico,43.0,0.0,0.0
03/20/2020,New York,8310.0,42.0,0.0
03/20/2020,North Carolina,172.0,0.0,0.0
03/20/2020,North Dakota,19.0,0.0,0.0
03/20/2020,Ohio,173.0,2.0,0.0
03/20/2020,Oklahoma,49.0,1.0,0.0
03/20/2020,Oregon,114.0,3.0,0.0
03/20/2020,Pennsylvania,303.0,1.0,0.0
03/20/2020,Rhode Island,54.0,0.0,0.0
03/20/2020,South Carolina,126.0,1.0,0.0
03/20/2020,South Dakota,14.0,1.0,0.0
03/20/2020,Tennessee,233.0,0.0,0.0
03/20/2020,Texas,394.0,5.0,0.0
03/20/2020,Utah,80.0,0.0,0.0
03/20/2020,Vermont,29.0,2.0,0.0
03/20/2020,Virginia,122.0,2.0,0.0
03/20/2020,Washington,1524.0,83.0,1.0
03/20/2020,West Virginia,7.0,0.0,0.0
03/20/2020,Wisconsin,207.0,3.0,1.0
03/20/2020,Wyoming,19.0,0.0,0.0
03/21/2020,Alabama,131.0,0.0,0.0
03/21/2020,Alaska,15.0,0.0,0.0
03/21/2020,Arizona,118.0,1.0,1.0
03/21/2020,Arkansas,122.0,0.0,0.0
03/21/2020,California,1364.0,24.0,6.0
03/21/2020,Colorado,390.0,4.0,0.0
03/21/2020,Connecticut,194.0,4.0,0.0
03/21/2020,Delaware,45.0,0.0,0.0
03/21/2020,Florida,659.0,13.0,0.0
03/21/2020,Georgia,507.0,14.0,0.0
03/21/2020,Hawaii,37.0,0.0,0.0
03/21/2020,Idaho,36.0,0.0,0.0
03/21/2020,Illinois,753.0,6.0,2.0
03/21/2020,Indiana,128.0,4.0,0.0
03/21/2020,Iowa,68.0,0.0,0.0
03/21/2020,Kansas,57.0,2.0,0.0
03/21/2020,Kentucky,87.0,3.0,1.0
03/21/2020,Louisiana,585.0,16.0,0.0
03/21/2020,Maine,70.0,0.0,0.0
03/21/2020,Maryland,193.0,2.0,3.0
03/21/2020,Massachusetts,525.0,1.0,1.0
03/21/2020,Michigan,788.0,5.0,0.0
03/21/2020,Minnesota,138.0,1.0,0.0
03/21/2020,Mississippi,140.0,1.0,0.0
03/21/2020,Missouri,74.0,3.0,0.0
03/21/2020,Montana,21.0,0.0,0.0
03/21/2020,Nebraska,38.0,0.0,0.0
03/21/2020,Nevada,161.0,2.0,0.0
03/21/2020,New Hampshire,55.0,0.0,0.0
03/21/2020,New Jersey,1327.0,16.0,1.0
03/21/2020,New Mexico,43.0,0.0,0.0
03/21/2020,New York,11710.0,60.0,0.0
03/21/2020,North Carolina,253.0,0.0,0.0
03/21/2020,North Dakota,28.0,0.0,0.0
03/21/2020,Ohio,248.0,3.0,0.0
03/21/2020,Oklahoma,53.0,1.0,0.0
03/21/2020,Oregon,114.0,5.0,0.0
03/21/2020,Pennsylvania,396.0,2.0,0.0
03/21/2020,Rhode Island,66.0,0.0,0.0
03/21/2020,South Carolina,171.0,3.0,0.0
03/21/2020,South Dakota,14.0,1.0,0.0
03/21/2020,Tennessee,371.0,1.0,0.0
03/21/2020,Texas,581.0,5.0,0.0
03/21/2020,Utah,136.0,0.0,0.0
03/21/2020,Vermont,29.0,2.0,0.0
03/21/2020,Virginia,156.0,2.0,0.0
03/21/2020,Washington,1793.0,94.0,1.0
03/21/2020,West Virginia,8.0,0.0,0.0
03/21/2020,Wisconsin,282.0,4.0,1.0
03/21/2020,Wyoming,23.0,0.0,0.0
03/22/2020,Alabama,138.0,0.0,0.0
03/22/2020,Alaska,21.0,0.0,0.0
03/22/2020,Arizona,152.0,2.0,1.0
03/22/2020,Arkansas,165.0,0.0,0.0
03/22/2020,California,1642.0,30.0,6.0
03/22/2020,Colorado,476.0,6.0,0.0
03/22/2020,Connecticut,223.0,5.0,0.0
03/22/2020,Delaware,47.0,0.0,0.0
03/22/2020,Florida,830.0,13.0,0.0
03/22/2020,Georgia,600.0,23.0,0.0
03/22/2020,Hawaii,48.0,0.0,0.0
03/22/2020,Idaho,42.0,0.0,0.0
03/22/2020,Illinois,1049.0,9.0,2.0
03/22/2020,Indiana,201.0,6.0,0.0
03/22/2020,Iowa,90.0,0.0,0.0
03/22/2020,Kansas,64.0,2.0,0.0
03/22/2020,Kentucky,99.0,3.0,1.0
03/22/2020,Louisiana,837.0,20.0,0.0
03/22/2020,Maine,89.0,0.0,0.0
03/22/2020,Maryland,244.0,3.0,3.0
03/22/2020,Massachusetts,646.0,5.0,1.0
03/22/2020,Michigan,1037.0,9.0,0.0
03/22/2020,Minnesota,169.0,1.0,0.0
03/22/2020,Mississippi,207.0,1.0,0.0
03/22/2020,Missouri,100.0,3.0,0.0
03/22/2020,Montana,31.0,0.0,0.0
03/22/2020,Nebraska,51.0,0.0,0.0
03/22/2020,Nevada,190.0,2.0,0.0
03/22/2020,New Hampshire,65.0,0.0,0.0
03/22/2020,New Jersey,1914.0,20.0,1.0
03/22/2020,New Mexico,57.0,0.0,0.0
03/22/2020,New York,15793.0,117.0,0.0
03/22/2020,North Carolina,302.0,0.0,0.0
03/22/2020,North Dakota,28.0,0.0,0.0
03/22/2020,Ohio,355.0,3.0,0.0
03/22/2020,Oklahoma,67.0,2.0,0.0
03/22/2020,Oregon,161.0,5.0,0.0
03/22/2020,Pennsylvania,509.0,3.0,0.0
03/22/2020,Rhode Island,83.0,0.0,0.0
03/22/2020,South Carolina,196.0,3.0,0.0
03/22/2020,South Dakota,21.0,1.0,0.0
03/22/2020,Tennessee,505.0,2.0,0.0
03/22/2020,Texas,627.0,6.0,0.0
03/22/2020,Utah,181.0,1.0,0.0
03/22/2020,Vermont,52.0,2.0,0.0
03/22/2020,Virginia,221.0,6.0,0.0
03/22/2020,Washington,1996.0,95.0,1.0
03/22/2020,West Virginia,12.0,0.0,0.0
03/22/2020,Wisconsin,381.0,4.0,1.0
03/22/2020,Wyoming,24.0,0.0,0.0
03/23/2020,Alabama,138.0,0.0,0.0
03/23/2020,Alaska,21.0,0.0,0.0
03/23/2020,Arizona,152.0,2.0,1.0
03/23/2020,Arkansas,165.0,0.0,0.0
03/23/2020,California,1642.0,30.0,6.0
03/23/2020,Colorado,476.0,6.0,0.0
03/23/2020,Connecticut,270.0,6.0,0.0
03/23/2020,Delaware,47.0,0.0,0.0
03/23/2020,Florida,830.0,13.0,0.0
03/23/2020,Georgia,600.0,23.0,0.0
03/23/2020,Hawaii,48.0,0.0,0.0
03/23/2020,Idaho,42.0,0.0,0.0
03/23/2020,Illinois,1049.0,9.0,2.0
03/23/2020,Indiana,201.0,6.0,0.0
03/23/2020,Iowa,90.0,0.0,0.0
03/23/2020,Kansas,64.0,2.0,0.0
03/23/2020,Kentucky,99.0,3.0,1.0
03/23/2020,Louisiana,837.0,20.0,0.0
03/23/2020,Maine,89.0,0.0,0.0
03/23/2020,Maryland,244.0,3.0,3.0
03/23/2020,Massachusetts,646.0,7.0,1.0
03/23/2020,Michigan,1037.0,9.0,0.0
03/23/2020,Minnesota,169.0,1.0,0.0
03/23/2020,Mississippi,207.0,1.0,0.0
03/23/2020,Missouri,100.0,3.0,0.0
03/23/2020,Montana,31.0,0.0,0.0
03/23/2020,Nebraska,51.0,0.0,0.0
03/23/2020,Nevada,190.0,4.0,0.0
03/23/2020,New Hampshire,65.0,1.0,0.0
03/23/2020,New Jersey,1914.0,20.0,1.0
03/23/2020,New Mexico,57.0,0.0,0.0
03/23/2020,New York,15793.0,117.0,0.0
03/23/2020,North Carolina,302.0,0.0,0.0
03/23/2020,North Dakota,28.0,0.0,0.0
03/23/2020,Ohio,355.0,3.0,0.0
03/23/2020,Oklahoma,67.0,2.0,0.0
03/23/2020,Oregon,161.0,5.0,0.0
03/23/2020,Pennsylvania,509.0,3.0,0.0
03/23/2020,Rhode Island,83.0,0.0,0.0
03/23/2020,South Carolina,196.0,3.0,0.0
03/23/2020,South Dakota,21.0,1.0,0.0
03/23/2020,Tennessee,505.0,2.0,0.0
03/23/2020,Texas,627.0,6.0,0.0
03/23/2020,Utah,181.0,1.0,0.0
03/23/2020,Vermont,52.0,3.0,0.0
03/23/2020,Virginia,221.0,6.0,0.0
03/23/2020,Washington,1996.0,95.0,1.0
03/23/2020,West Virginia,12.0,0.0,0.0
03/23/2020,Wisconsin,381.0,4.0,1.0
03/23/2020,Wyoming,24.0,0.0,0.0
03/24/2020,Alabama,242.0,0.0,0.0
03/24/2020,Alaska,34.0,0.0,0.0
03/24/2020,Arizona,326.0,5.0,1.0
03/24/2020,Arkansas,219.0,2.0,0.0
03/24/2020,California,2538.0,50.0,6.0
03/24/2020,Colorado,723.0,8.0,0.0
03/24/2020,Connecticut,618.0,12.0,0.0
03/24/2020,Delaware,104.0,0.0,0.0
03/24/2020,Florida,1412.0,18.0,0.0
03/24/2020,Georgia,1026.0,32.0,0.0
03/24/2020,Hawaii,90.0,1.0,0.0
03/24/2020,Idaho,81.0,0.0,0.0
03/24/2020,Illinois,1537.0,16.0,2.0
03/24/2020,Indiana,368.0,12.0,0.0
03/24/2020,Iowa,124.0,0.0,0.0
03/24/2020,Kansas,100.0,2.0,0.0
03/24/2020,Kentucky,162.0,4.0,1.0
03/24/2020,Louisiana,1388.0,46.0,0.0
03/24/2020,Maine,118.0,0.0,0.0
03/24/2020,Maryland,349.0,4.0,3.0
03/24/2020,Massachusetts,1159.0,11.0,1.0
03/24/2020,Michigan,1793.0,24.0,0.0
03/24/2020,Minnesota,261.0,1.0,0.0
03/24/2020,Mississippi,320.0,1.0,0.0
03/24/2020,Missouri,257.0,7.0,0.0
03/24/2020,Montana,51.0,0.0,0.0
03/24/2020,Nebraska,66.0,0.0,0.0
03/24/2020,Nevada,278.0,4.0,0.0
03/24/2020,New Hampshire,101.0,1.0,0.0
03/24/2020,New Jersey,3675.0,44.0,1.0
03/24/2020,New Mexico,100.0,0.0,0.0
03/24/2020,New York,25681.0,210.0,0.0
03/24/2020,North Carolina,495.0,0.0,0.0
03/24/2020,North Dakota,36.0,0.0,0.0
03/24/2020,Ohio,567.0,8.0,0.0
03/24/2020,Oklahoma,106.0,3.0,0.0
03/24/2020,Oregon,210.0,8.0,0.0
03/24/2020,Pennsylvania,946.0,8.0,0.0
03/24/2020,Rhode Island,124.0,0.0,0.0
03/24/2020,South Carolina,342.0,5.0,0.0
03/24/2020,South Dakota,30.0,1.0,0.0
03/24/2020,Tennessee,772.0,2.0,0.0
03/24/2020,Texas,955.0,12.0,0.0
03/24/2020,Utah,298.0,1.0,0.0
03/24/2020,Vermont,95.0,7.0,0.0
03/24/2020,Virginia,293.0,9.0,0.0
03/24/2020,Washington,2328.0,116.0,1.0
03/24/2020,West Virginia,22.0,0.0,0.0
03/24/2020,Wisconsin,481.0,5.0,1.0
03/24/2020,Wyoming,29.0,0.0,0.0
03/26/2020,Alabama,517.0,1.0,0.0
03/26/2020,Alaska,56.0,1.0,0.0
03/26/2020,Arizona,508.0,8.0,1.0
03/26/2020,Arkansas,335.0,2.0,0.0
03/26/2020,California,3899.0,81.0,6.0
03/26/2020,Colorado,1430.0,19.0,0.0
03/26/2020,Connecticut,1012.0,21.0,0.0
03/26/2020,Delaware,130.0,1.0,0.0
03/26/2020,Florida,2357.0,29.0,0.0
03/26/2020,Georgia,1525.0,48.0,0.0
03/26/2020,Hawaii,95.0,1.0,0.0
03/26/2020,Idaho,146.0,3.0,0.0
03/26/2020,Illinois,2538.0,26.0,2.0
03/26/2020,Indiana,645.0,17.0,0.0
03/26/2020,Iowa,179.0,1.0,0.0
03/26/2020,Kansas,172.0,3.0,0.0
03/26/2020,Kentucky,247.0,5.0,1.0
03/26/2020,Louisiana,2304.0,83.0,0.0
03/26/2020,Maine,155.0,0.0,0.0
03/26/2020,Maryland,583.0,4.0,3.0
03/26/2020,Massachusetts,2417.0,25.0,1.0
03/26/2020,Michigan,2845.0,61.0,0.0
03/26/2020,Minnesota,344.0,2.0,0.0
03/26/2020,Mississippi,485.0,6.0,0.0
03/26/2020,Missouri,520.0,9.0,0.0
03/26/2020,Montana,90.0,0.0,0.0
03/26/2020,Nebraska,74.0,0.0,0.0
03/26/2020,Nevada,420.0,10.0,0.0
03/26/2020,New Hampshire,137.0,1.0,0.0
03/26/2020,New Jersey,6876.0,81.0,1.0
03/26/2020,New Mexico,113.0,1.0,0.0
03/26/2020,New York,37877.0,385.0,0.0
03/26/2020,North Carolina,738.0,3.0,0.0
03/26/2020,North Dakota,51.0,0.0,0.0
03/26/2020,Ohio,868.0,15.0,0.0
03/26/2020,Oklahoma,248.0,7.0,0.0
03/26/2020,Oregon,316.0,11.0,0.0
03/26/2020,Pennsylvania,1795.0,18.0,0.0
03/26/2020,Rhode Island,165.0,0.0,0.0
03/26/2020,South Carolina,424.0,9.0,0.0
03/26/2020,South Dakota,46.0,1.0,0.0
03/26/2020,Tennessee,1097.0,3.0,0.0
03/26/2020,Texas,1563.0,21.0,0.0
03/26/2020,Utah,396.0,1.0,0.0
03/26/2020,Vermont,158.0,9.0,0.0
03/26/2020,Virginia,466.0,10.0,0.0
03/26/2020,Washington,3207.0,150.0,1.0
03/26/2020,West Virginia,52.0,0.0,0.0
03/26/2020,Wisconsin,728.0,10.0,1.0
03/26/2020,Wyoming,53.0,0.0,0.0
03/27/2020,Alabama,587.0,4.0,0.0
03/27/2020,Alaska,58.0,1.0,0.0
03/27/2020,Arizona,665.0,13.0,1.0
03/27/2020,Arkansas,381.0,3.0,0.0
03/27/2020,California,4657.0,94.0,6.0
03/27/2020,Colorado,1433.0,27.0,0.0
03/27/2020,Connecticut,1291.0,27.0,0.0
03/27/2020,Delaware,163.0,2.0,0.0
03/27/2020,Florida,2900.0,35.0,0.0
03/27/2020,Georgia,2000.0,64.0,0.0
03/27/2020,Hawaii,106.0,1.0,0.0
03/27/2020,Idaho,205.0,3.0,0.0
03/27/2020,Illinois,3024.0,34.0,2.0
03/27/2020,Indiana,979.0,25.0,0.0
03/27/2020,Iowa,235.0,3.0,0.0
03/27/2020,Kansas,206.0,4.0,0.0
03/27/2020,Kentucky,301.0,7.0,1.0
03/27/2020,Louisiana,2744.0,119.0,0.0
03/27/2020,Maine,168.0,1.0,0.0
03/27/2020,Maryland,775.0,5.0,3.0
03/27/2020,Massachusetts,3240.0,35.0,1.0
03/27/2020,Michigan,3634.0,92.0,0.0
03/27/2020,Minnesota,396.0,4.0,0.0
03/27/2020,Mississippi,579.0,8.0,0.0
03/27/2020,Missouri,666.0,9.0,0.0
03/27/2020,Montana,109.0,1.0,0.0
03/27/2020,Nebraska,82.0,0.0,0.0
03/27/2020,Nevada,536.0,10.0,0.0
03/27/2020,New Hampshire,158.0,1.0,0.0
03/27/2020,New Jersey,8825.0,108.0,1.0
03/27/2020,New Mexico,136.0,1.0,0.0
03/27/2020,New York,44876.0,527.0,0.0
03/27/2020,North Carolina,887.0,4.0,0.0
03/27/2020,North Dakota,68.0,1.0,0.0
03/27/2020,Ohio,1137.0,19.0,0.0
03/27/2020,Oklahoma,322.0,8.0,0.0
03/27/2020,Oregon,416.0,12.0,0.0
03/27/2020,Pennsylvania,2345.0,22.0,0.0
03/27/2020,Rhode Island,203.0,0.0,0.0
03/27/2020,South Carolina,542.0,13.0,0.0
03/27/2020,South Dakota,58.0,1.0,0.0
03/27/2020,Tennessee,1318.0,6.0,0.0
03/27/2020,Texas,1937.0,26.0,0.0
03/27/2020,Utah,472.0,1.0,0.0
03/27/2020,Vermont,184.0,10.0,0.0
03/27/2020,Virginia,607.0,10.0,0.0
03/27/2020,Washington,3477.0,157.0,1.0
03/27/2020,West Virginia,76.0,0.0,0.0
03/27/2020,Wisconsin,926.0,14.0,1.0
03/27/2020,Wyoming,70.0,0.0,0.0
03/28/2020,Alabama,694.0,4.0,0.0
03/28/2020,Alaska,85.0,2.0,0.0
03/28/2020,Arizona,773.0,15.0,1.0
03/28/2020,Arkansas,409.0,5.0,0.0
03/28/2020,California,5095.0,110.0,6.0
03/28/2020,Colorado,1740.0,31.0,0.0
03/28/2020,Connecticut,1524.0,33.0,0.0
03/28/2020,Delaware,214.0,5.0,0.0
03/28/2020,Florida,3763.0,54.0,0.0
03/28/2020,Georgia,2366.0,69.0,0.0
03/28/2020,Hawaii,149.0,1.0,0.0
03/28/2020,Idaho,234.0,4.0,0.0
03/28/2020,Illinois,3491.0,47.0,2.0
03/28/2020,Indiana,1233.0,31.0,0.0
03/28/2020,Iowa,298.0,3.0,0.0
03/28/2020,Kansas,266.0,4.0,0.0
03/28/2020,Kentucky,393.0,9.0,1.0
03/28/2020,Louisiana,3315.0,137.0,0.0
03/28/2020,Maine,211.0,1.0,0.0
03/28/2020,Maryland,995.0,5.0,3.0
03/28/2020,Massachusetts,4257.0,44.0,1.0
03/28/2020,Michigan,4650.0,111.0,0.0
03/28/2020,Minnesota,441.0,5.0,0.0
03/28/2020,Mississippi,663.0,13.0,0.0
03/28/2020,Missouri,836.0,10.0,0.0
03/28/2020,Montana,129.0,1.0,0.0
03/28/2020,Nebraska,96.0,2.0,0.0
03/28/2020,Nevada,626.0,10.0,0.0
03/28/2020,New Hampshire,187.0,2.0,0.0
03/28/2020,New Jersey,11124.0,140.0,1.0
03/28/2020,New Mexico,208.0,1.0,0.0
03/28/2020,New York,52410.0,728.0,0.0
03/28/2020,North Carolina,1020.0,5.0,0.0
03/28/2020,North Dakota,94.0,1.0,0.0
03/28/2020,Ohio,1406.0,25.0,0.0
03/28/2020,Oklahoma,377.0,15.0,0.0
03/28/2020,Oregon,479.0,13.0,0.0
03/28/2020,Pennsylvania,2845.0,34.0,0.0
03/28/2020,Rhode Island,239.0,2.0,0.0
03/28/2020,South Carolina,660.0,15.0,0.0
03/28/2020,South Dakota,68.0,1.0,0.0
03/28/2020,Tennessee,1511.0,7.0,0.0
03/28/2020,Texas,2455.0,30.0,0.0
03/28/2020,Utah,602.0,1.0,0.0
03/28/2020,Vermont,211.0,12.0,0.0
03/28/2020,Virginia,740.0,13.0,0.0
03/28/2020,Washington,4030.0,188.0,1.0
03/28/2020,West Virginia,96.0,0.0,0.0
03/28/2020,Wisconsin,1055.0,17.0,1.0
03/28/2020,Wyoming,82.0,0.0,0.0
03/29/2020,Alabama,825.0,10.0,0.0
03/29/2020,Alaska,102.0,2.0,0.0
03/29/2020,Arizona,919.0,17.0,1.0
03/29/2020,Arkansas,426.0,6.0,0.0
03/29/2020,California,5852.0,124.0,6.0
03/29/2020,Colorado,2307.0,47.0,0.0
03/29/2020,Connecticut,1993.0,34.0,0.0
03/29/2020,Delaware,232.0,6.0,0.0
03/29/2020,Florida,4246.0,56.0,0.0
03/29/2020,Georgia,2651.0,80.0,0.0
03/29/2020,Hawaii,149.0,1.0,0.0
03/29/2020,Idaho,281.0,5.0,0.0
03/29/2020,Illinois,4596.0,66.0,2.0
03/29/2020,Indiana,1513.0,32.0,0.0
03/29/2020,Iowa,336.0,4.0,0.0
03/29/2020,Kansas,330.0,7.0,0.0
03/29/2020,Kentucky,438.0,9.0,1.0
03/29/2020,Louisiana,3540.0,151.0,0.0
03/29/2020,Maine,253.0,3.0,0.0
03/29/2020,Maryland,1239.0,10.0,3.0
03/29/2020,Massachusetts,4955.0,48.0,1.0
03/29/2020,Michigan,5488.0,132.0,0.0
03/29/2020,Minnesota,503.0,9.0,0.0
03/29/2020,Mississippi,759.0,14.0,0.0
03/29/2020,Missouri,915.0,13.0,0.0
03/29/2020,Montana,154.0,1.0,0.0
03/29/2020,Nebraska,108.0,2.0,0.0
03/29/2020,Nevada,920.0,15.0,0.0
03/29/2020,New Hampshire,214.0,2.0,0.0
03/29/2020,New Jersey,13386.0,161.0,1.0
03/29/2020,New Mexico,237.0,2.0,0.0
03/29/2020,New York,59648.0,965.0,0.0
03/29/2020,North Carolina,1191.0,7.0,0.0
03/29/2020,North Dakota,98.0,1.0,0.0
03/29/2020,Ohio,1653.0,29.0,0.0
03/29/2020,Oklahoma,429.0,16.0,0.0
03/29/2020,Oregon,548.0,13.0,0.0
03/29/2020,Pennsylvania,3432.0,41.0,0.0
03/29/2020,Rhode Island,294.0,3.0,0.0
03/29/2020,South Carolina,774.0,16.0,0.0
03/29/2020,South Dakota,90.0,1.0,0.0
03/29/2020,Tennessee,1720.0,8.0,0.0
03/29/2020,Texas,2792.0,37.0,0.0
03/29/2020,Utah,720.0,2.0,0.0
03/29/2020,Vermont,235.0,12.0,0.0
03/29/2020,Virginia,890.0,20.0,0.0
03/29/2020,Washington,4465.0,198.0,1.0
03/29/2020,West Virginia,113.0,0.0,0.0
03/29/2020,Wisconsin,1164.0,18.0,1.0
03/29/2020,Wyoming,86.0,0.0,0.0
03/30/2020,Alabama,899.0,10.0,0.0
03/30/2020,Alaska,114.0,3.0,0.0
03/30/2020,Arizona,1157.0,20.0,1.0
03/30/2020,Arkansas,473.0,7.0,0.0
03/30/2020,California,7138.0,146.0,6.0
03/30/2020,Colorado,2311.0,47.0,0.0
03/30/2020,Connecticut,2571.0,36.0,0.0
03/30/2020,Delaware,264.0,6.0,0.0
03/30/2020,Florida,5473.0,63.0,0.0
03/30/2020,Georgia,2808.0,87.0,0.0
03/30/2020,Hawaii,175.0,1.0,0.0
03/30/2020,Idaho,340.0,6.0,0.0
03/30/2020,Illinois,5056.0,73.0,2.0
03/30/2020,Indiana,1786.0,35.0,0.0
03/30/2020,Iowa,424.0,6.0,0.0
03/30/2020,Kansas,372.0,8.0,0.0
03/30/2020,Kentucky,479.0,11.0,1.0
03/30/2020,Louisiana,4025.0,185.0,0.0
03/30/2020,Maine,275.0,3.0,0.0
03/30/2020,Maryland,1413.0,15.0,3.0
03/30/2020,Massachusetts,5752.0,56.0,1.0
03/30/2020,Michigan,6498.0,184.0,0.0
03/30/2020,Minnesota,576.0,10.0,0.0
03/30/2020,Mississippi,847.0,16.0,0.0
03/30/2020,Missouri,1051.0,13.0,0.0
03/30/2020,Montana,171.0,5.0,0.0
03/30/2020,Nebraska,145.0,2.0,0.0
03/30/2020,Nevada,1012.0,15.0,0.0
03/30/2020,New Hampshire,314.0,3.0,0.0
03/30/2020,New Jersey,16636.0,198.0,1.0
03/30/2020,New Mexico,237.0,2.0,0.0
03/30/2020,New York,66663.0,1218.0,0.0
03/30/2020,North Carolina,1313.0,7.0,0.0
03/30/2020,North Dakota,109.0,2.0,0.0
03/30/2020,Ohio,1933.0,40.0,0.0
03/30/2020,Oklahoma,481.0,16.0,0.0
03/30/2020,Oregon,606.0,16.0,0.0
03/30/2020,Pennsylvania,4155.0,50.0,0.0
03/30/2020,Rhode Island,408.0,4.0,0.0
03/30/2020,South Carolina,925.0,18.0,0.0
03/30/2020,South Dakota,101.0,1.0,0.0
03/30/2020,Tennessee,1917.0,14.0,0.0
03/30/2020,Texas,3147.0,45.0,0.0
03/30/2020,Utah,804.0,4.0,0.0
03/30/2020,Vermont,256.0,12.0,0.0
03/30/2020,Virginia,1020.0,20.0,0.0
03/30/2020,Washington,4923.0,205.0,1.0
03/30/2020,West Virginia,145.0,1.0,0.0
03/30/2020,Wisconsin,1230.0,20.0,1.0
03/30/2020,Wyoming,94.0,0.0,0.0
03/31/2020,Alabama,987.0,23.0,0.0
03/31/2020,Alaska,119.0,3.0,0.0
03/31/2020,Arizona,1289.0,24.0,1.0
03/31/2020,Arkansas,523.0,8.0,0.0
03/31/2020,California,8210.0,173.0,6.0
03/31/2020,Colorado,2966.0,69.0,0.0
03/31/2020,Connecticut,3128.0,69.0,0.0
03/31/2020,Delaware,319.0,10.0,0.0
03/31/2020,Florida,6741.0,85.0,0.0
03/31/2020,Georgia,3929.0,111.0,0.0
03/31/2020,Hawaii,204.0,1.0,0.0
03/31/2020,Idaho,515.0,8.0,0.0
03/31/2020,Illinois,5994.0,99.0,2.0
03/31/2020,Indiana,2158.0,49.0,0.0
03/31/2020,Iowa,497.0,7.0,0.0
03/31/2020,Kansas,434.0,9.0,0.0
03/31/2020,Kentucky,628.0,11.0,1.0
03/31/2020,Louisiana,5237.0,239.0,0.0
03/31/2020,Maine,303.0,5.0,0.0
03/31/2020,Maryland,1660.0,18.0,3.0
03/31/2020,Massachusetts,6620.0,89.0,1.0
03/31/2020,Michigan,7615.0,259.0,0.0
03/31/2020,Minnesota,629.0,12.0,0.0
03/31/2020,Mississippi,937.0,20.0,0.0
03/31/2020,Missouri,1357.0,15.0,0.0
03/31/2020,Montana,198.0,5.0,0.0
03/31/2020,Nebraska,172.0,3.0,0.0
03/31/2020,Nevada,1114.0,26.0,0.0
03/31/2020,New Hampshire,357.0,3.0,0.0
03/31/2020,New Jersey,18696.0,267.0,1.0
03/31/2020,New Mexico,315.0,4.0,0.0
03/31/2020,New York,75833.0,1550.0,0.0
03/31/2020,North Carolina,1535.0,12.0,0.0
03/31/2020,North Dakota,122.0,3.0,0.0
03/31/2020,Ohio,2199.0,55.0,0.0
03/31/2020,Oklahoma,568.0,23.0,0.0
03/31/2020,Oregon,690.0,18.0,0.0
03/31/2020,Pennsylvania,4963.0,63.0,0.0
03/31/2020,Rhode Island,488.0,8.0,0.0
03/31/2020,South Carolina,1083.0,22.0,0.0
03/31/2020,South Dakota,108.0,1.0,0.0
03/31/2020,Tennessee,2391.0,23.0,0.0
03/31/2020,Texas,3809.0,54.0,0.0
03/31/2020,Utah,888.0,5.0,0.0
03/31/2020,Vermont,293.0,13.0,0.0
03/31/2020,Virginia,1249.0,27.0,0.0
03/31/2020,Washington,5432.0,225.0,1.0
03/31/2020,West Virginia,162.0,1.0,0.0
03/31/2020,Wisconsin,1412.0,25.0,1.0
03/31/2020,Wyoming,109.0,0.0,0.0
04/01/2020,Alabama,1060.0,27.0,0.0
04/01/2020,Alaska,132.0,3.0,0.0
04/01/2020,Arizona,1530.0,29.0,1.0
04/01/2020,Arkansas,584.0,10.0,0.0
04/01/2020,California,9399.0,199.0,6.0
04/01/2020,Colorado,2982.0,69.0,0.0
04/01/2020,Connecticut,3557.0,85.0,0.0
04/01/2020,Delaware,368.0,11.0,0.0
04/01/2020,Florida,6956.0,87.0,0.0
04/01/2020,Georgia,4638.0,139.0,0.0
04/01/2020,Hawaii,224.0,1.0,0.0
04/01/2020,Idaho,566.0,9.0,0.0
04/01/2020,Illinois,6980.0,141.0,2.0
04/01/2020,Indiana,2564.0,65.0,0.0
04/01/2020,Iowa,547.0,9.0,0.0
04/01/2020,Kansas,485.0,10.0,0.0
04/01/2020,Kentucky,632.0,18.0,1.0
04/01/2020,Louisiana,6424.0,273.0,0.0
04/01/2020,Maine,303.0,5.0,0.0
04/01/2020,Maryland,1986.0,31.0,3.0
04/01/2020,Massachusetts,7738.0,122.0,1.0
04/01/2020,Michigan,9315.0,335.0,0.0
04/01/2020,Minnesota,689.0,17.0,0.0
04/01/2020,Mississippi,1073.0,22.0,0.0
04/01/2020,Missouri,1613.0,18.0,0.0
04/01/2020,Montana,208.0,6.0,0.0
04/01/2020,Nebraska,210.0,4.0,0.0
04/01/2020,Nevada,1279.0,31.0,0.0
04/01/2020,New Hampshire,367.0,3.0,0.0
04/01/2020,New Jersey,22255.0,355.0,1.0
04/01/2020,New Mexico,340.0,5.0,0.0
04/01/2020,New York,83948.0,1941.0,0.0
04/01/2020,North Carolina,1675.0,14.0,0.0
04/01/2020,North Dakota,142.0,3.0,0.0
04/01/2020,Ohio,2547.0,65.0,0.0
04/01/2020,Oklahoma,721.0,30.0,0.0
04/01/2020,Oregon,736.0,19.0,0.0
04/01/2020,Pennsylvania,6009.0,74.0,0.0
04/01/2020,Rhode Island,566.0,10.0,0.0
04/01/2020,South Carolina,1293.0,26.0,0.0
04/01/2020,South Dakota,129.0,2.0,0.0
04/01/2020,Tennessee,2933.0,24.0,0.0
04/01/2020,Texas,4355.0,66.0,0.0
04/01/2020,Utah,888.0,5.0,0.0
04/01/2020,Vermont,321.0,16.0,0.0
04/01/2020,Virginia,1483.0,34.0,0.0
04/01/2020,Washington,5608.0,234.0,1.0
04/01/2020,West Virginia,191.0,1.0,0.0
04/01/2020,Wisconsin,1556.0,27.0,1.0
04/01/2020,Wyoming,130.0,0.0,0.0
04/03/2020,Alabama,1495.0,38.0,0.0
04/03/2020,Alaska,157.0,3.0,0.0
04/03/2020,Arizona,1937.0,41.0,1.0
04/03/2020,Arkansas,704.0,12.0,0.0
04/03/2020,California,12004.0,265.0,6.0
04/03/2020,Colorado,3742.0,97.0,0.0
04/03/2020,Connecticut,4914.0,131.0,0.0
04/03/2020,Delaware,450.0,14.0,0.0
04/03/2020,Florida,10268.0,170.0,0.0
04/03/2020,Georgia,5831.0,184.0,0.0
04/03/2020,Hawaii,319.0,3.0,0.0
04/03/2020,Idaho,891.0,9.0,0.0
04/03/2020,Illinois,8904.0,210.0,2.0
04/03/2020,Indiana,3437.0,102.0,0.0
04/03/2020,Iowa,699.0,11.0,0.0
04/03/2020,Kansas,629.0,18.0,0.0
04/03/2020,Kentucky,770.0,34.0,1.0
04/03/2020,Louisiana,10297.0,370.0,0.0
04/03/2020,Maine,432.0,9.0,0.0
04/03/2020,Maryland,2758.0,43.0,3.0
04/03/2020,Massachusetts,10402.0,192.0,1.0
04/03/2020,Michigan,12744.0,479.0,0.0
04/03/2020,Minnesota,788.0,22.0,0.0
04/03/2020,Mississippi,1358.0,29.0,0.0
04/03/2020,Missouri,1864.0,25.0,0.0
04/03/2020,Montana,243.0,6.0,0.0
04/03/2020,Nebraska,279.0,6.0,0.0
04/03/2020,Nevada,1514.0,43.0,0.0
04/03/2020,New Hampshire,479.0,5.0,0.0
04/03/2020,New Jersey,29895.0,646.0,1.0
04/03/2020,New Mexico,534.0,10.0,0.0
04/03/2020,New York,102987.0,2935.0,0.0
04/03/2020,North Carolina,2251.0,27.0,0.0
04/03/2020,North Dakota,173.0,3.0,0.0
04/03/2020,Ohio,3312.0,91.0,0.0
04/03/2020,Oklahoma,990.0,38.0,0.0
04/03/2020,Oregon,899.0,22.0,0.0
04/03/2020,Pennsylvania,8570.0,102.0,0.0
04/03/2020,Rhode Island,711.0,14.0,0.0
04/03/2020,South Carolina,1700.0,34.0,0.0
04/03/2020,South Dakota,187.0,2.0,0.0
04/03/2020,Tennessee,3067.0,41.0,0.0
04/03/2020,Texas,5734.0,100.0,0.0
04/03/2020,Utah,1255.0,7.0,0.0
04/03/2020,Vermont,389.0,17.0,0.0
04/03/2020,Virginia,2012.0,46.0,0.0
04/03/2020,Washington,6846.0,291.0,1.0
04/03/2020,West Virginia,237.0,2.0,0.0
04/03/2020,Wisconsin,2012.0,51.0,1.0
04/03/2020,Wyoming,162.0,0.0,0.0
04/04/2020,Alabama,1614.0,44.0,0.0
04/04/2020,Alaska,171.0,5.0,0.0
04/04/2020,Arizona,2187.0,52.0,1.0
04/04/2020,Arkansas,743.0,14.0,0.0
04/04/2020,California,12837.0,289.0,6.0
04/04/2020,Colorado,4188.0,111.0,0.0
04/04/2020,Connecticut,5276.0,165.0,0.0
04/04/2020,Delaware,593.0,14.0,0.0
04/04/2020,Florida,11545.0,195.0,0.0
04/04/2020,Georgia,6160.0,201.0,0.0
04/04/2020,Hawaii,351.0,3.0,0.0
04/04/2020,Idaho,1022.0,10.0,0.0
04/04/2020,Illinois,10357.0,244.0,2.0
04/04/2020,Indiana,3953.0,116.0,0.0
04/04/2020,Iowa,787.0,14.0,0.0
04/04/2020,Kansas,698.0,21.0,0.0
04/04/2020,Kentucky,917.0,40.0,1.0
04/04/2020,Louisiana,12496.0,409.0,0.0
04/04/2020,Maine,456.0,10.0,0.0
04/04/2020,Maryland,3125.0,54.0,3.0
04/04/2020,Massachusetts,11736.0,216.0,1.0
04/04/2020,Michigan,14225.0,540.0,0.0
04/04/2020,Minnesota,865.0,24.0,0.0
04/04/2020,Mississippi,1455.0,35.0,0.0
04/04/2020,Missouri,2310.0,33.0,0.0
04/04/2020,Montana,265.0,6.0,0.0
04/04/2020,Nebraska,321.0,6.0,0.0
04/04/2020,Nevada,1742.0,46.0,0.0
04/04/2020,New Hampshire,540.0,7.0,0.0
04/04/2020,New Jersey,34124.0,846.0,1.0
04/04/2020,New Mexico,534.0,10.0,0.0
04/04/2020,New York,113833.0,3565.0,0.0
04/04/2020,North Carolina,2486.0,34.0,0.0
04/04/2020,North Dakota,186.0,3.0,0.0
04/04/2020,Ohio,3739.0,102.0,0.0
04/04/2020,Oklahoma,1161.0,42.0,0.0
04/04/2020,Oregon,899.0,22.0,0.0
04/04/2020,Pennsylvania,10444.0,136.0,0.0
04/04/2020,Rhode Island,806.0,17.0,0.0
04/04/2020,South Carolina,1917.0,40.0,0.0
04/04/2020,South Dakota,212.0,2.0,0.0
04/04/2020,Tennessee,3322.0,50.0,0.0
04/04/2020,Texas,6556.0,116.0,0.0
04/04/2020,Utah,1435.0,8.0,0.0
04/04/2020,Vermont,461.0,20.0,0.0
04/04/2020,Virginia,2407.0,52.0,0.0
04/04/2020,Washington,7247.0,315.0,1.0
04/04/2020,West Virginia,282.0,2.0,0.0
04/04/2020,Wisconsin,2030.0,54.0,1.0
04/04/2020,Wyoming,187.0,0.0,0.0
04/05/2020,Alabama,1765.0,45.0,0.0
04/05/2020,Alaska,185.0,6.0,0.0
04/05/2020,Arizona,2486.0,64.0,1.0
04/05/2020,Arkansas,837.0,16.0,0.0
04/05/2020,California,15034.0,348.0,6.0
04/05/2020,Colorado,4950.0,140.0,0.0
04/05/2020,Connecticut,5675.0,189.0,0.0
04/05/2020,Delaware,673.0,14.0,0.0
04/05/2020,Florida,12350.0,221.0,0.0
04/05/2020,Georgia,6647.0,211.0,0.0
04/05/2020,Hawaii,371.0,4.0,0.0
04/05/2020,Idaho,1078.0,10.0,0.0
04/05/2020,Illinois,11259.0,274.0,2.0
04/05/2020,Indiana,4411.0,127.0,0.0
04/05/2020,Iowa,869.0,18.0,0.0
04/05/2020,Kansas,751.0,22.0,0.0
04/05/2020,Kentucky,955.0,45.0,1.0
04/05/2020,Louisiana,13010.0,477.0,0.0
04/05/2020,Maine,470.0,10.0,0.0
04/05/2020,Maryland,3617.0,67.0,3.0
04/05/2020,Massachusetts,12500.0,231.0,1.0
04/05/2020,Michigan,15718.0,617.0,0.0
04/05/2020,Minnesota,935.0,29.0,0.0
04/05/2020,Mississippi,1638.0,43.0,0.0
04/05/2020,Missouri,2347.0,44.0,0.0
04/05/2020,Montana,286.0,6.0,0.0
04/05/2020,Nebraska,364.0,8.0,0.0
04/05/2020,Nevada,1855.0,46.0,0.0
04/05/2020,New Hampshire,621.0,9.0,0.0
04/05/2020,New Jersey,37505.0,917.0,1.0
04/05/2020,New Mexico,670.0,12.0,0.0
04/05/2020,New York,123160.0,4159.0,0.0
04/05/2020,North Carolina,2649.0,38.0,0.0
04/05/2020,North Dakota,207.0,3.0,0.0
04/05/2020,Ohio,4043.0,119.0,0.0
04/05/2020,Oklahoma,1254.0,46.0,0.0
04/05/2020,Oregon,1068.0,27.0,0.0
04/05/2020,Pennsylvania,11589.0,151.0,0.0
04/05/2020,Rhode Island,922.0,25.0,0.0
04/05/2020,South Carolina,2049.0,44.0,0.0
04/05/2020,South Dakota,240.0,2.0,0.0
04/05/2020,Tennessee,3633.0,53.0,0.0
04/05/2020,Texas,7209.0,136.0,0.0
04/05/2020,Utah,1608.0,8.0,0.0
04/05/2020,Vermont,512.0,22.0,0.0
04/05/2020,Virginia,2640.0,52.0,0.0
04/05/2020,Washington,7825.0,336.0,1.0
04/05/2020,West Virginia,324.0,3.0,0.0
04/05/2020,Wisconsin,2320.0,74.0,1.0
04/05/2020,Wyoming,197.0,0.0,0.0
04/06/2020,Alabama,1952.0,49.0,0.0
04/06/2020,Alaska,185.0,6.0,0.0
04/06/2020,Arizona,2732.0,65.0,1.0
04/06/2020,Arkansas,875.0,16.0,0.0
04/06/2020,California,16019.0,380.0,6.0
04/06/2020,Colorado,5183.0,150.0,0.0
04/06/2020,Connecticut,6906.0,206.0,0.0
04/06/2020,Delaware,783.0,15.0,0.0
04/06/2020,Florida,13324.0,236.0,0.0
04/06/2020,Georgia,7314.0,229.0,0.0
04/06/2020,Hawaii,387.0,5.0,0.0
04/06/2020,Idaho,1101.0,10.0,0.0
04/06/2020,Illinois,12262.0,307.0,2.0
04/06/2020,Indiana,4956.0,143.0,0.0
04/06/2020,Iowa,946.0,25.0,0.0
04/06/2020,Kansas,849.0,25.0,0.0
04/06/2020,Kentucky,955.0,45.0,1.0
04/06/2020,Louisiana,14867.0,512.0,0.0
04/06/2020,Maine,499.0,10.0,0.0
04/06/2020,Maryland,4045.0,91.0,3.0
04/06/2020,Massachusetts,13837.0,260.0,1.0
04/06/2020,Michigan,17221.0,727.0,0.0
04/06/2020,Minnesota,986.0,30.0,0.0
04/06/2020,Mississippi,1738.0,51.0,0.0
04/06/2020,Missouri,2736.0,47.0,0.0
04/06/2020,Montana,299.0,6.0,0.0
04/06/2020,Nebraska,417.0,9.0,0.0
04/06/2020,Nevada,1953.0,46.0,0.0
04/06/2020,New Hampshire,715.0,9.0,0.0
04/06/2020,New Jersey,41090.0,1003.0,1.0
04/06/2020,New Mexico,757.0,12.0,0.0
04/06/2020,New York,131815.0,4698.0,0.0
04/06/2020,North Carolina,2962.0,45.0,0.0
04/06/2020,North Dakota,225.0,3.0,0.0
04/06/2020,Ohio,4453.0,142.0,0.0
04/06/2020,Oklahoma,1329.0,51.0,0.0
04/06/2020,Oregon,1068.0,27.0,0.0
04/06/2020,Pennsylvania,13127.0,179.0,0.0
04/06/2020,Rhode Island,1082.0,27.0,0.0
04/06/2020,South Carolina,2232.0,48.0,0.0
04/06/2020,South Dakota,288.0,4.0,0.0
04/06/2020,Tennessee,3802.0,65.0,0.0
04/06/2020,Texas,8043.0,150.0,0.0
04/06/2020,Utah,1685.0,13.0,0.0
04/06/2020,Vermont,543.0,23.0,0.0
04/06/2020,Virginia,2878.0,66.0,0.0
04/06/2020,Washington,8311.0,381.0,1.0
04/06/2020,West Virginia,345.0,4.0,0.0
04/06/2020,Wisconsin,2449.0,78.0,1.0
04/06/2020,Wyoming,210.0,0.0,0.0
04/07/2020,Alabama,2169.0,64.0,0.0
04/07/2020,Alaska,213.0,6.0,0.0
04/07/2020,Arizona,2870.0,73.0,1.0
04/07/2020,Arkansas,946.0,18.0,0.0
04/07/2020,California,17351.0,432.0,6.0
04/07/2020,Colorado,5429.0,179.0,0.0
04/07/2020,Connecticut,7781.0,277.0,0.0
04/07/2020,Delaware,928.0,16.0,0.0
04/07/2020,Florida,14545.0,283.0,0.0
04/07/2020,Georgia,8822.0,329.0,0.0
04/07/2020,Hawaii,410.0,5.0,0.0
04/07/2020,Idaho,1170.0,13.0,0.0
04/07/2020,Illinois,12271.0,308.0,2.0
04/07/2020,Indiana,5510.0,173.0,0.0
04/07/2020,Iowa,1046.0,25.0,0.0
04/07/2020,Kansas,912.0,29.0,0.0
04/07/2020,Kentucky,1149.0,65.0,1.0
04/07/2020,Louisiana,16284.0,582.0,0.0
04/07/2020,Maine,519.0,12.0,0.0
04/07/2020,Maryland,4371.0,103.0,3.0
04/07/2020,Massachusetts,15202.0,356.0,1.0
04/07/2020,Michigan,18970.0,845.0,0.0
04/07/2020,Minnesota,1069.0,34.0,0.0
04/07/2020,Mississippi,1915.0,60.0,0.0
04/07/2020,Missouri,3130.0,65.0,0.0
04/07/2020,Montana,319.0,6.0,0.0
04/07/2020,Nebraska,447.0,10.0,0.0
04/07/2020,Nevada,2124.0,72.0,0.0
04/07/2020,New Hampshire,715.0,9.0,0.0
04/07/2020,New Jersey,44416.0,1232.0,1.0
04/07/2020,New Mexico,876.0,13.0,0.0
04/07/2020,New York,139875.0,5489.0,0.0
04/07/2020,North Carolina,3299.0,53.0,0.0
04/07/2020,North Dakota,237.0,4.0,0.0
04/07/2020,Ohio,4782.0,167.0,0.0
04/07/2020,Oklahoma,1474.0,67.0,0.0
04/07/2020,Oregon,1132.0,29.0,0.0
04/07/2020,Pennsylvania,14853.0,247.0,0.0
04/07/2020,Rhode Island,1229.0,30.0,0.0
04/07/2020,South Carolina,2417.0,51.0,0.0
04/07/2020,South Dakota,320.0,6.0,0.0
04/07/2020,Tennessee,4139.0,72.0,0.0
04/07/2020,Texas,8925.0,160.0,0.0
04/07/2020,Utah,1746.0,13.0,0.0
04/07/2020,Vermont,575.0,23.0,0.0
04/07/2020,Virginia,3335.0,66.0,0.0
04/07/2020,Washington,8692.0,400.0,1.0
04/07/2020,West Virginia,412.0,4.0,0.0
04/07/2020,Wisconsin,2578.0,92.0,1.0
04/07/2020,Wyoming,216.0,0.0,0.0
04/08/2020,Alabama,2328.0,66.0,0.0
04/08/2020,Alaska,226.0,7.0,0.0
04/08/2020,Arizona,3036.0,80.0,1.0
04/08/2020,Arkansas,1000.0,18.0,0.0
04/08/2020,California,18897.0,495.0,6.0
04/08/2020,Colorado,5655.0,193.0,0.0
04/08/2020,Connecticut,7781.0,326.0,0.0
04/08/2020,Delaware,1116.0,19.0,0.0
04/08/2020,Florida,15456.0,309.0,0.0
04/08/2020,Georgia,9901.0,362.0,0.0
04/08/2020,Hawaii,410.0,5.0,0.0
04/08/2020,Idaho,1210.0,15.0,0.0
04/08/2020,Illinois,15078.0,462.0,2.0
04/08/2020,Indiana,5943.0,203.0,0.0
04/08/2020,Iowa,1145.0,27.0,0.0
04/08/2020,Kansas,1046.0,34.0,0.0
04/08/2020,Kentucky,1149.0,65.0,1.0
04/08/2020,Louisiana,17030.0,652.0,0.0
04/08/2020,Maine,537.0,14.0,0.0
04/08/2020,Maryland,5529.0,124.0,3.0
04/08/2020,Massachusetts,16790.0,433.0,1.0
04/08/2020,Michigan,20346.0,959.0,0.0
04/08/2020,Minnesota,1154.0,39.0,0.0
04/08/2020,Mississippi,2003.0,67.0,0.0
04/08/2020,Missouri,3209.0,86.0,0.0
04/08/2020,Montana,332.0,6.0,0.0
04/08/2020,Nebraska,519.0,12.0,0.0
04/08/2020,Nevada,2259.0,72.0,0.0
04/08/2020,New Hampshire,747.0,13.0,0.0
04/08/2020,New Jersey,47437.0,1504.0,1.0
04/08/2020,New Mexico,902.0,13.0,0.0
04/08/2020,New York,151061.0,6268.0,0.0
04/08/2020,North Carolina,3499.0,66.0,0.0
04/08/2020,North Dakota,251.0,4.0,0.0
04/08/2020,Ohio,5148.0,193.0,0.0
04/08/2020,Oklahoma,1526.0,79.0,0.0
04/08/2020,Oregon,1181.0,33.0,0.0
04/08/2020,Pennsylvania,16631.0,318.0,0.0
04/08/2020,Rhode Island,1450.0,35.0,0.0
04/08/2020,South Carolina,2417.0,51.0,0.0
04/08/2020,South Dakota,393.0,6.0,0.0
04/08/2020,Tennessee,4363.0,80.0,0.0
04/08/2020,Texas,9777.0,189.0,0.0
04/08/2020,Utah,1855.0,13.0,0.0
04/08/2020,Vermont,605.0,23.0,0.0
04/08/2020,Virginia,3645.0,66.0,0.0
04/08/2020,Washington,9276.0,426.0,1.0
04/08/2020,West Virginia,483.0,4.0,0.0
04/08/2020,Wisconsin,2710.0,100.0,1.0
04/08/2020,Wyoming,221.0,0.0,0.0
04/09/2020,Alabama,2703.0,70.0,0.0
04/09/2020,Alaska,235.0,7.0,0.0
04/09/2020,Arizona,3036.0,89.0,1.0
04/09/2020,Arkansas,1119.0,21.0,0.0
04/09/2020,California,19710.0,544.0,6.0
04/09/2020,Colorado,5655.0,193.0,0.0
04/09/2020,Connecticut,9784.0,380.0,0.0
04/09/2020,Delaware,1209.0,23.0,0.0
04/09/2020,Florida,16364.0,354.0,0.0
04/09/2020,Georgia,10566.0,379.0,0.0
04/09/2020,Hawaii,442.0,6.0,0.0
04/09/2020,Idaho,1232.0,18.0,0.0
04/09/2020,Illinois,15079.0,462.0,2.0
04/09/2020,Indiana,6351.0,245.0,0.0
04/09/2020,Iowa,1270.0,29.0,0.0
04/09/2020,Kansas,1116.0,42.0,0.0
04/09/2020,Kentucky,1341.0,73.0,1.0
04/09/2020,Louisiana,18283.0,702.0,0.0
04/09/2020,Maine,560.0,16.0,0.0
04/09/2020,Maryland,6185.0,138.0,3.0
04/09/2020,Massachusetts,18941.0,503.0,1.0
04/09/2020,Michigan,21504.0,1076.0,0.0
04/09/2020,Minnesota,1240.0,50.0,0.0
04/09/2020,Mississippi,2260.0,76.0,0.0
04/09/2020,Missouri,3432.0,93.0,0.0
04/09/2020,Montana,354.0,6.0,0.0
04/09/2020,Nebraska,568.0,14.0,0.0
04/09/2020,Nevada,2456.0,81.0,0.0
04/09/2020,New Hampshire,819.0,21.0,0.0
04/09/2020,New Jersey,51027.0,1709.0,1.0
04/09/2020,New Mexico,902.0,16.0,0.0
04/09/2020,New York,161779.0,7067.0,0.0
04/09/2020,North Carolina,3736.0,76.0,0.0
04/09/2020,North Dakota,269.0,5.0,0.0
04/09/2020,Ohio,5512.0,213.0,0.0
04/09/2020,Oklahoma,1686.0,80.0,0.0
04/09/2020,Oregon,1321.0,44.0,0.0
04/09/2020,Pennsylvania,18300.0,345.0,0.0
04/09/2020,Rhode Island,1727.0,43.0,0.0
04/09/2020,South Carolina,2793.0,67.0,0.0
04/09/2020,South Dakota,447.0,6.0,0.0
04/09/2020,Tennessee,4634.0,94.0,0.0
04/09/2020,Texas,11208.0,210.0,0.0
04/09/2020,Utah,1856.0,13.0,0.0
04/09/2020,Vermont,628.0,23.0,0.0
04/09/2020,Virginia,4042.0,109.0,0.0
04/09/2020,Washington,9639.0,456.0,1.0
04/09/2020,West Virginia,514.0,5.0,0.0
04/09/2020,Wisconsin,2886.0,111.0,1.0
04/09/2020,Wyoming,230.0,0.0,0.0
04/11/2020,Alabama,3217.0,92.0,0.0
04/11/2020,Alaska,257.0,8.0,0.0
04/11/2020,Arizona,3393.0,108.0,1.0
04/11/2020,Arkansas,1228.0,25.0,0.0
04/11/2020,California,21706.0,605.0,6.0
04/11/2020,Colorado,6513.0,250.0,0.0
04/11/2020,Connecticut,11510.0,494.0,0.0
04/11/2020,Delaware,1479.0,33.0,0.0
04/11/2020,Florida,18494.0,438.0,0.0
04/11/2020,Georgia,12159.0,429.0,0.0
04/11/2020,Hawaii,465.0,8.0,0.0
04/11/2020,Idaho,1396.0,25.0,0.0
04/11/2020,Illinois,19180.0,677.0,2.0
04/11/2020,Indiana,7435.0,330.0,0.0
04/11/2020,Iowa,1510.0,34.0,0.0
04/11/2020,Kansas,1275.0,55.0,0.0
04/11/2020,Kentucky,1693.0,90.0,1.0
04/11/2020,Louisiana,20014.0,806.0,0.0
04/11/2020,Maine,616.0,19.0,0.0
04/11/2020,Maryland,7694.0,206.0,3.0
04/11/2020,Massachusetts,22860.0,686.0,1.0
04/11/2020,Michigan,23605.0,1384.0,0.0
04/11/2020,Minnesota,1427.0,64.0,0.0
04/11/2020,Mississippi,2642.0,93.0,0.0
04/11/2020,Missouri,4108.0,116.0,0.0
04/11/2020,Montana,377.0,6.0,0.0
04/11/2020,Nebraska,699.0,17.0,0.0
04/11/2020,Nevada,2722.0,102.0,0.0
04/11/2020,New Hampshire,885.0,22.0,0.0
04/11/2020,New Jersey,58151.0,2183.0,1.0
04/11/2020,New Mexico,1091.0,19.0,0.0
04/11/2020,New York,181026.0,8627.0,0.0
04/11/2020,North Carolina,4354.0,89.0,0.0
04/11/2020,North Dakota,293.0,7.0,0.0
04/11/2020,Ohio,6250.0,247.0,0.0
04/11/2020,Oklahoma,1868.0,94.0,0.0
04/11/2020,Oregon,1371.0,48.0,0.0
04/11/2020,Pennsylvania,21719.0,503.0,0.0
04/11/2020,Rhode Island,2349.0,56.0,0.0
04/11/2020,South Carolina,3211.0,80.0,0.0
04/11/2020,South Dakota,626.0,6.0,0.0
04/11/2020,Tennessee,5132.0,106.0,0.0
04/11/2020,Texas,13023.0,266.0,0.0
04/11/2020,Utah,2207.0,18.0,0.0
04/11/2020,Vermont,711.0,25.0,0.0
04/11/2020,Virginia,5077.0,130.0,0.0
04/11/2020,Washington,10434.0,495.0,1.0
04/11/2020,West Virginia,577.0,5.0,0.0
04/11/2020,Wisconsin,3213.0,137.0,1.0
04/11/2020,Wyoming,261.0,0.0,0.0
04/12/2020,Alabama,3563.0,93.0,0.0
04/12/2020,Alaska,272.0,8.0,0.0
04/12/2020,Arizona,3542.0,115.0,1.0
04/12/2020,Arkansas,1280.0,27.0,0.0
04/12/2020,California,22795.0,641.0,6.0
04/12/2020,Colorado,7307.0,289.0,0.0
04/12/2020,Connecticut,12035.0,554.0,0.0
04/12/2020,Delaware,1625.0,35.0,0.0
04/12/2020,Florida,19895.0,461.0,0.0
04/12/2020,Georgia,12452.0,433.0,0.0
04/12/2020,Hawaii,499.0,9.0,0.0
04/12/2020,Idaho,1407.0,27.0,0.0
04/12/2020,Illinois,20852.0,720.0,2.0
04/12/2020,Indiana,7928.0,343.0,0.0
04/12/2020,Iowa,1587.0,41.0,0.0
04/12/2020,Kansas,1344.0,56.0,0.0
04/12/2020,Kentucky,1963.0,97.0,1.0
04/12/2020,Louisiana,20595.0,840.0,0.0
04/12/2020,Maine,633.0,19.0,0.0
04/12/2020,Maryland,8225.0,236.0,3.0
04/12/2020,Massachusetts,25475.0,756.0,1.0
04/12/2020,Michigan,24244.0,1479.0,0.0
04/12/2020,Minnesota,1621.0,70.0,0.0
04/12/2020,Mississippi,2781.0,96.0,0.0
04/12/2020,Missouri,4269.0,118.0,0.0
04/12/2020,Montana,387.0,6.0,0.0
04/12/2020,Nebraska,791.0,17.0,0.0
04/12/2020,Nevada,2836.0,112.0,0.0
04/12/2020,New Hampshire,929.0,23.0,0.0
04/12/2020,New Jersey,61850.0,2350.0,1.0
04/12/2020,New Mexico,1245.0,26.0,0.0
04/12/2020,New York,189033.0,9385.0,0.0
04/12/2020,North Carolina,4570.0,89.0,0.0
04/12/2020,North Dakota,308.0,7.0,0.0
04/12/2020,Ohio,6604.0,253.0,0.0
04/12/2020,Oklahoma,1970.0,96.0,0.0
04/12/2020,Oregon,1527.0,52.0,0.0
04/12/2020,Pennsylvania,22938.0,557.0,0.0
04/12/2020,Rhode Island,2665.0,63.0,0.0
04/12/2020,South Carolina,3320.0,82.0,0.0
04/12/2020,South Dakota,730.0,6.0,0.0
04/12/2020,Tennessee,5508.0,106.0,0.0
04/12/2020,Texas,13677.0,283.0,0.0
04/12/2020,Utah,2303.0,18.0,0.0
04/12/2020,Vermont,727.0,27.0,0.0
04/12/2020,Virginia,5274.0,141.0,0.0
04/12/2020,Washington,10609.0,506.0,1.0
04/12/2020,West Virginia,593.0,6.0,0.0
04/12/2020,Wisconsin,3341.0,144.0,1.0
04/12/2020,Wyoming,270.0,0.0,0.0
04/14/2020,Alabama,3953.0,114.0,0.0
04/14/2020,Alaska,285.0,9.0,0.0
04/14/2020,Arizona,3809.0,131.0,1.0
04/14/2020,Arkansas,1498.0,32.0,0.0
04/14/2020,California,25356.0,768.0,6.0
04/14/2020,Colorado,7950.0,327.0,0.0
04/14/2020,Connecticut,13989.0,671.0,0.0
04/14/2020,Delaware,1926.0,43.0,0.0
04/14/2020,Florida,21628.0,571.0,0.0
04/14/2020,Georgia,14578.0,525.0,0.0
04/14/2020,Hawaii,511.0,9.0,0.0
04/14/2020,Idaho,1464.0,33.0,0.0
04/14/2020,Illinois,23248.0,868.0,2.0
04/14/2020,Indiana,8527.0,387.0,0.0
04/14/2020,Iowa,1899.0,49.0,0.0
04/14/2020,Kansas,1441.0,69.0,0.0
04/14/2020,Kentucky,2048.0,113.0,1.0
04/14/2020,Louisiana,21518.0,1013.0,0.0
04/14/2020,Maine,735.0,20.0,0.0
04/14/2020,Maryland,9472.0,302.0,3.0
04/14/2020,Massachusetts,28164.0,844.0,1.0
04/14/2020,Michigan,27001.0,1768.0,0.0
04/14/2020,Minnesota,1695.0,79.0,0.0
04/14/2020,Mississippi,3087.0,111.0,0.0
04/14/2020,Missouri,4746.0,149.0,0.0
04/14/2020,Montana,399.0,7.0,0.0
04/14/2020,Nebraska,897.0,20.0,0.0
04/14/2020,Nevada,3134.0,126.0,0.0
04/14/2020,New Hampshire,985.0,25.0,0.0
04/14/2020,New Jersey,68824.0,2805.0,1.0
04/14/2020,New Mexico,1345.0,31.0,0.0
04/14/2020,New York,203020.0,10842.0,0.0
04/14/2020,North Carolina,5113.0,112.0,0.0
04/14/2020,North Dakota,341.0,8.0,0.0
04/14/2020,Ohio,7285.0,324.0,0.0
04/14/2020,Oklahoma,2184.0,108.0,0.0
04/14/2020,Oregon,1633.0,55.0,0.0
04/14/2020,Pennsylvania,25465.0,691.0,0.0
04/14/2020,Rhode Island,3251.0,80.0,0.0
04/14/2020,South Carolina,3553.0,97.0,0.0
04/14/2020,South Dakota,988.0,6.0,0.0
04/14/2020,Tennessee,5827.0,124.0,0.0
04/14/2020,Texas,15006.0,342.0,0.0
04/14/2020,Utah,2417.0,18.0,0.0
04/14/2020,Vermont,752.0,29.0,0.0
04/14/2020,Virginia,6182.0,154.0,0.0
04/14/2020,Washington,10799.0,530.0,1.0
04/14/2020,West Virginia,640.0,9.0,0.0
04/14/2020,Wisconsin,3555.0,170.0,1.0
04/14/2020,Wyoming,282.0,1.0,0.0
04/16/2020,Alabama,4345.0,133.0,0.0
04/16/2020,Alaska,300.0,9.0,0.0
04/16/2020,Arizona,4237.0,150.0,1.0
04/16/2020,Arkansas,1620.0,37.0,0.0
04/16/2020,California,27677.0,956.0,6.0
04/16/2020,Colorado,8286.0,355.0,0.0
04/16/2020,Connecticut,15884.0,971.0,0.0
04/16/2020,Delaware,2070.0,55.0,0.0
04/16/2020,Florida,23343.0,668.0,0.0
04/16/2020,Georgia,15669.0,587.0,0.0
04/16/2020,Hawaii,530.0,9.0,0.0
04/16/2020,Idaho,1587.0,41.0,0.0
04/16/2020,Illinois,25734.0,1072.0,2.0
04/16/2020,Indiana,9542.0,477.0,0.0
04/16/2020,Iowa,2141.0,60.0,0.0
04/16/2020,Kansas,1615.0,80.0,0.0
04/16/2020,Kentucky,2435.0,129.0,1.0
04/16/2020,Louisiana,22532.0,1156.0,0.0
04/16/2020,Maine,796.0,27.0,0.0
04/16/2020,Maryland,10784.0,319.0,3.0
04/16/2020,Massachusetts,32181.0,1108.0,1.0
04/16/2020,Michigan,28809.0,1996.0,0.0
04/16/2020,Minnesota,1809.0,87.0,0.0
04/16/2020,Mississippi,3624.0,129.0,0.0
04/16/2020,Missouri,5174.0,169.0,0.0
04/16/2020,Montana,415.0,7.0,0.0
04/16/2020,Nebraska,952.0,21.0,0.0
04/16/2020,Nevada,3214.0,137.0,0.0
04/16/2020,New Hampshire,1139.0,32.0,0.0
04/16/2020,New Jersey,75317.0,3518.0,1.0
04/16/2020,New Mexico,1484.0,36.0,0.0
04/16/2020,New York,223691.0,14832.0,0.0
04/16/2020,North Carolina,5639.0,150.0,0.0
04/16/2020,North Dakota,393.0,9.0,0.0
04/16/2020,Ohio,8414.0,407.0,0.0
04/16/2020,Oklahoma,2357.0,131.0,0.0
04/16/2020,Oregon,1736.0,64.0,0.0
04/16/2020,Pennsylvania,28258.0,841.0,0.0
04/16/2020,Rhode Island,3529.0,87.0,0.0
04/16/2020,South Carolina,3931.0,111.0,0.0
04/16/2020,South Dakota,1311.0,7.0,0.0
04/16/2020,Tennessee,6375.0,136.0,0.0
04/16/2020,Texas,16876.0,414.0,0.0
04/16/2020,Utah,2683.0,20.0,0.0
04/16/2020,Vermont,774.0,33.0,0.0
04/16/2020,Virginia,6889.0,208.0,0.0
04/16/2020,Washington,11057.0,579.0,1.0
04/16/2020,West Virginia,728.0,12.0,0.0
04/16/2020,Wisconsin,3875.0,197.0,1.0
04/16/2020,Wyoming,296.0,2.0,0.0
04/18/2020,Alabama,4712.0,153.0,0.0
04/18/2020,Alaska,314.0,9.0,0.0
04/18/2020,Arizona,4724.0,180.0,1.0
04/18/2020,Arkansas,1744.0,38.0,0.0
04/18/2020,California,30491.0,1140.0,6.0
04/18/2020,Colorado,9047.0,389.0,0.0
04/18/2020,Connecticut,17550.0,1086.0,0.0
04/18/2020,Delaware,2538.0,67.0,0.0
04/18/2020,Florida,25492.0,748.0,0.0
04/18/2020,Georgia,17669.0,673.0,0.0
04/18/2020,Hawaii,574.0,9.0,0.0
04/18/2020,Idaho,1655.0,43.0,0.0
04/18/2020,Illinois,29160.0,1259.0,2.0
04/18/2020,Indiana,10641.0,545.0,0.0
04/18/2020,Iowa,2513.0,74.0,0.0
04/18/2020,Kansas,1821.0,85.0,0.0
04/18/2020,Kentucky,2707.0,144.0,1.0
04/18/2020,Louisiana,23580.0,1267.0,0.0
04/18/2020,Maine,847.0,32.0,0.0
04/18/2020,Maryland,12326.0,421.0,3.0
04/18/2020,Massachusetts,36372.0,1404.0,1.0
04/18/2020,Michigan,30791.0,2308.0,0.0
04/18/2020,Minnesota,2209.0,121.0,0.0
04/18/2020,Mississippi,3974.0,152.0,0.0
04/18/2020,Missouri,5579.0,197.0,0.0
04/18/2020,Montana,426.0,10.0,0.0
04/18/2020,Nebraska,1249.0,24.0,0.0
04/18/2020,Nevada,3626.0,151.0,0.0
04/18/2020,New Hampshire,1342.0,38.0,0.0
04/18/2020,New Jersey,81420.0,4070.0,1.0
04/18/2020,New Mexico,1798.0,53.0,0.0
04/18/2020,New York,241712.0,17671.0,0.0
04/18/2020,North Carolina,6328.0,187.0,0.0
04/18/2020,North Dakota,528.0,9.0,0.0
04/18/2020,Ohio,10222.0,451.0,0.0
04/18/2020,Oklahoma,2465.0,136.0,0.0
04/18/2020,Oregon,1844.0,72.0,0.0
04/18/2020,Pennsylvania,31652.0,1042.0,0.0
04/18/2020,Rhode Island,4491.0,137.0,0.0
04/18/2020,South Carolina,4248.0,119.0,0.0
04/18/2020,South Dakota,1542.0,7.0,0.0
04/18/2020,Tennessee,6589.0,142.0,0.0
04/18/2020,Texas,18704.0,476.0,0.0
04/18/2020,Utah,2917.0,25.0,0.0
04/18/2020,Vermont,803.0,38.0,0.0
04/18/2020,Virginia,8053.0,258.0,0.0
04/18/2020,Washington,11776.0,613.0,1.0
04/18/2020,West Virginia,785.0,16.0,0.0
04/18/2020,Wisconsin,4199.0,212.0,1.0
04/18/2020,Wyoming,309.0,2.0,0.0
04/20/2020,Alabama,5079.0,163.0,0.0
04/20/2020,Alaska,321.0,9.0,0.0
04/20/2020,Arizona,5068.0,191.0,1.0
04/20/2020,Arkansas,1973.0,41.0,0.0
04/20/2020,California,33686.0,1225.0,6.0
04/20/2020,Colorado,9730.0,420.0,0.0
04/20/2020,Connecticut,19815.0,1331.0,0.0
04/20/2020,Delaware,2745.0,72.0,0.0
04/20/2020,Florida,27059.0,822.0,0.0
04/20/2020,Georgia,19407.0,775.0,0.0
04/20/2020,Hawaii,584.0,10.0,0.0
04/20/2020,Idaho,1672.0,45.0,0.0
04/20/2020,Illinois,31513.0,1349.0,2.0
04/20/2020,Indiana,11688.0,577.0,0.0
04/20/2020,Iowa,3159.0,79.0,0.0
04/20/2020,Kansas,2048.0,102.0,0.0
04/20/2020,Kentucky,3050.0,154.0,1.0
04/20/2020,Louisiana,24523.0,1328.0,0.0
04/20/2020,Maine,875.0,35.0,0.0
04/20/2020,Maryland,13684.0,582.0,3.0
04/20/2020,Massachusetts,38077.0,1706.0,1.0
04/20/2020,Michigan,32000.0,2468.0,0.0
04/20/2020,Minnesota,2470.0,143.0,0.0
04/20/2020,Mississippi,4512.0,169.0,0.0
04/20/2020,Missouri,5890.0,200.0,0.0
04/20/2020,Montana,433.0,10.0,0.0
04/20/2020,Nebraska,1648.0,33.0,0.0
04/20/2020,Nevada,3830.0,159.0,0.0
04/20/2020,New Hampshire,1447.0,42.0,0.0
04/20/2020,New Jersey,88722.0,4496.0,1.0
04/20/2020,New Mexico,1971.0,58.0,0.0
04/20/2020,New York,253060.0,18611.0,0.0
04/20/2020,North Carolina,6895.0,218.0,0.0
04/20/2020,North Dakota,627.0,9.0,0.0
04/20/2020,Ohio,12919.0,509.0,0.0
04/20/2020,Oklahoma,2680.0,143.0,0.0
04/20/2020,Oregon,1957.0,75.0,0.0
04/20/2020,Pennsylvania,33914.0,1348.0,0.0
04/20/2020,Rhode Island,5090.0,155.0,0.0
04/20/2020,South Carolina,4446.0,123.0,0.0
04/20/2020,South Dakota,1685.0,7.0,0.0
04/20/2020,Tennessee,7238.0,152.0,0.0
04/20/2020,Texas,19751.0,507.0,0.0
04/20/2020,Utah,3213.0,28.0,0.0
04/20/2020,Vermont,816.0,38.0,0.0
04/20/2020,Virginia,8990.0,300.0,0.0
04/20/2020,Washington,12255.0,643.0,1.0
04/20/2020,West Virginia,902.0,24.0,0.0
04/20/2020,Wisconsin,4499.0,230.0,1.0
04/20/2020,Wyoming,317.0,2.0,0.0
